DFS ID,Name,Pos,Order,Team,Opp,Status,Salary,Actual,SS Proj,Live Proj,My Proj,Value,My Own,Adj Own,Min Exp,Max Exp,Saber Team,Saber Total,dk_points,dk_25_percentile,dk_50_percentile,dk_75_percentile,dk_85_percentile,dk_95_percentile,dk_99_percentile,fd_points,fd_25_percentile,fd_50_percentile,fd_75_percentile,fd_85_percentile,fd_95_percentile,fd_99_percentile,yahoo_points,yahoo_25_percentile,yahoo_50_percentile,yahoo_75_percentile,yahoo_85_percentile,yahoo_95_percentile,yahoo_99_percentile,ob_points,ob_25_percentile,ob_50_percentile,ob_75_percentile,ob_85_percentile,ob_95_percentile,ob_99_percentile,dk_std,fd_std,yahoo_std,ob_std,1B,2B,3B,HR,SB,CS,R,RBI,K,BB,PA,H,ER,IP,W,QS,CG,CGSO,Pitches
42962892,Kris Bubic,P,,KC,SEA,Confirmed,9100,28.15,16.07,28.15,16.07,1.765934066,50.45,56.63369484,0,100,4.0446,8.2388,15.0912,7.75,15.2,22.6625,26.4075,32.0025,37.95,28.107,17,27,39,45,53,61,17.0006,8.8,17.05,25.6,29.6,35.6,41.606,23.4326,13,23.5,34,39.5,47.5,55,10.5665,15.3304,11.7296,14.8532,3.18564,0.971,0.06544,0.57368,0,0,2.61648,0,5.344,2.4856,23.3891,4.79576,2.4154,5.51092,0.29096,0.26068,0.01268,0.003,90.3688
42962893,Clay Holmes,P,,NYM,LAA,Confirmed,8700,24.8,15.45,24.8,15.45,1.775862069,38.46,41.33059142,0,100,5.0134,9.3406,14.3192,7.4,14.85,22,25.5,30.5525,36.5025,26.9195,16,27,38,43,52,60,16.2116,8.575,16.8,24.7,28.6,34.3,40.705,22.3166,12.5,23,33,38,45.5,53.5,10.3463,14.9679,11.5088,14.5643,3.49015,0.89295,0.0745,0.67315,0,0,2.6963,0,4.99905,2.157,23.2393,5.13075,2.48875,5.46605,0.33795,0.2407,0.0071,0.00125,91.6596
42962894,Parker Messick,P,,CLE,ATH,Confirmed,8400,11.65,14.82,11.65,14.82,1.764285714,33.71,35.66070717,0,100,4.9996,9.612,13.9618,6.55,14.3,22.2,25.9,31,36.801,26.7498,15,27,39,45,52,60,15.7158,7.5,16,24.8,28.8,34.6,40.7,21.936,11.5,22.5,33.5,39,46,54,10.8305,15.6115,12.0483,15.221,3.78715,1.15025,0.0666,0.5848,0,0,2.91825,0,5.19235,2.07035,23.5481,5.5888,2.6912,5.43663,0.3242,0.2478,0.00755,0.00235,91.4324
42962895,Luis Castillo,P,,SEA,KC,Confirmed,7900,10.1,13.71,10.1,13.71,1.735443038,30.28,31.26300212,0,100,4.1942,8.2388,13.9486,7.15,14.25,20.8625,24.35,29.55,34.6515,25.785,15,26,36,41,49,57,16.012,8.5,16.55,23.7,27.515,33.4,39.2,21.5291,12,22,31,36.5,43.5,50.505,9.78471,14.1646,10.9222,13.7641,3.18784,0.98692,0.06056,0.68824,0,0,2.4588,0,4.54624,1.70596,22.4759,4.92356,2.26628,5.41857,0.29072,0.23628,0.0032,0.00132,90.4008
42963127,Griffin Canning,P,,SD,CWS,Confirmed,6900,19.65,13.15,19.65,13.15,1.905797101,30.36,31.34510057,0,100,4.6566,8.4594,13.4583,7.05,13.5,20.3,23.7,28.5,33.851,24.3727,15,24,33,39,47,55,15.3487,8.3,15.5,22.9,26.6,32.3,38.001,20.7675,11.5,20.5,30.5,35,42,49.5,9.46134,13.4343,10.5689,13.3257,2.78376,0.66352,0.10168,0.56012,0,0,2.10184,0,4.30712,2.0108,20.6478,4.10908,1.93844,4.9726,0.30036,0.13668,0.00068,0.00048,85.4631
42962898,Aaron Civale,P,,ATH,CLE,Confirmed,6400,16.1,11.86,16.1,11.86,1.853125,4.63,3.21604859,0,100,4.6124,9.612,10.2222,3.75,10.2,17.1,20.5,25.7,31.1,20.3132,11,20,30,35,43,51,11.7863,4.7,11.7,19.5,23.4,29.3,35.102,16.3053,7,16,26,31,38,45.5,9.49984,13.3695,10.6395,13.3423,3.1036,1.08105,0.05335,0.6915,0,0,2.8061,0,3.86825,2.09815,21.2833,4.9295,2.59325,4.89892,0.2161,0.1237,0.0005,0.00025,85.834
42962897,Jack Kochanowicz,P,,LAA,NYM,Confirmed,6900,16.85,11.83,16.85,11.83,1.714492754,8.13,6.320666768,0,100,4.3272,9.3406,10.3029,3.35,10.5,17.55,21.1,26.55,32.4,21.7159,12,21,32,37,46,54,11.9967,4.175,12.3,19.9,24.3,30.105,36.1,16.6103,7,17,26.5,32,39.5,47.5,10.0692,14.5266,11.2659,14.0955,3.9367,1.0097,0.1048,0.68205,0,0,3.13985,0,3.75515,2.4155,24.2539,5.73325,2.89755,5.54505,0.24505,0.2594,0.006,0.00215,89.9148
42962904,Jose Ramirez,3B,3,CLE,ATH,Confirmed,6000,5,10.71,5,10.71,1.785,35.56,42.33439088,0,100,4.9996,9.612,10.5319,3,8,16,20,28,37,13.9144,3.5,12,21.5,25.73,37.7,50.9,10.4133,2.6,8.55,15.8,19.4,27.7,36.7,11.4138,3,8.5,17,23,32,44,8.90352,12.0322,8.76954,10.5005,0.645,0.2521,0.01265,0.2116,0.2426,0.0328,0.6488,0.7382,0.5376,0.5661,4.59155,1.12135,0,0,0,0,0,0,0
42962901,Juan Soto,OF,2,NYM,LAA,Confirmed,6300,0,10.57,0,10.57,1.677777778,34.17,44.13923776,0,100,5.0134,9.3406,10.751,4,9,16,20,27,37,14.3829,6,12,21.7,27.7,37.4,50.603,10.8868,4.5,9,16.1,20.345,27.7,36.707,11.5744,4,8.5,17,23,32,44.005,8.5703,11.6627,8.53984,10.2781,0.7064,0.17135,0.01255,0.23155,0.1266,0.0213,0.78425,0.6767,0.7049,0.90215,4.7048,1.12185,0,0,0,0,0,0,0
42962900,Bobby Witt Jr.,SS,2,KC,SEA,Confirmed,6400,5,10.51,5,10.51,1.6421875,24.6,28.4582023,0,100,4.0446,8.2388,8.8804,3,7,14,17,24,34,11.4343,3,9,18.2,22.2,31.605,44.4,8.59658,2.6,7.1,13.2,16.8,23.205,32.9,9.2991,2,7,14.125,19.5,27.5,39,8.00161,10.6175,7.80331,9.29374,0.7098,0.21164,0.02644,0.1534,0.22608,0.03472,0.56724,0.52204,0.77484,0.31916,4.49308,1.10128,0,0,0,0,0,0,0
42962914,Brent Rooker,OF,2,ATH,CLE,Confirmed,4800,5,9.34,5,9.34,1.945833333,16.47,18.29543933,0,100,4.6124,9.612,8.4201,3,7,12,16,23,32,11.1787,3,9,15.9,22.2,31.7,43.902,8.40499,2.6,6.8,12.3,16.8,23.2,32.2,8.90205,2,6,13,19,27.5,38.5,7.60667,10.327,7.55422,9.17213,0.61075,0.2105,0.0052,0.16265,0.08635,0.0137,0.6182,0.57965,1.0773,0.5199,4.47245,0.9891,0,0,0,0,0,0,0
42962918,Chase DeLauter,OF,2,CLE,ATH,Confirmed,4500,17,9.11,17,9.11,2.024444444,26.51,32.85213816,0,100,4.9996,9.612,9.03065,3,7,14,18,25,34,11.9738,3,9.2,18.5,24.7,34.4,47.1,8.98419,2.6,7.1,13.5,18,25.1,34.1,9.7518,2.5,7,15,20,29,40.005,8.05376,10.9246,7.99154,9.65251,0.65695,0.2174,0.0096,0.1766,0.0996,0.01855,0.66545,0.62855,0.7389,0.522,4.6747,1.06055,0,0,0,0,0,0,0
42962920,Ramon Laureano,OF,1,SD,CWS,Confirmed,4400,9,8.84,9,8.84,2.009090909,19.94,23.07879918,0,100,4.6566,8.4594,8.506,3,7,13,16,23,32,11.1841,3,9.2,16,21.7,31.21,42.608,8.44461,2.6,7.1,12.3,16.5,22.9,31.203,8.94634,2.5,6.5,13.5,18.5,26.5,36.505,7.48588,10.0809,7.4017,8.91192,0.65552,0.20016,0.0236,0.14792,0.11024,0.01716,0.61276,0.53196,0.96764,0.515,4.56964,1.0272,0,0,0,0,0,0,0
42962899,Anthony Kay,P,,CWS,SD,Confirmed,5500,12.45,8.78,12.45,8.78,1.596363636,3.29,2.04945402,0,100,3.8028,8.4594,8.71627,2.4,8.7,15.3,18.85,23.9,29.051,18.3723,9,18,27,33,40,49,10.1596,3,10.05,17.6,21.5,27.3,32.605,14.188,5.5,14,23.5,28,35.5,43,9.50007,13.3134,10.6581,13.3154,3.41884,1.04208,0.08148,0.59152,0,0,2.92104,0,3.36744,2.25188,21.5825,5.13392,2.69988,4.88705,0.20264,0.12316,0.00208,0.0004,85.1383
42962922,Vinnie Pasquantino,1B,3,KC,SEA,Confirmed,4300,8,8.74,8,8.74,2.03255814,12.64,13.418986,0,100,4.0446,8.2388,7.59676,2,5,11,16,22,32,9.99315,3,6.2,15.2,21.7,30.605,43.603,7.56551,2.6,5.2,10.9,16.1,22,31.5,8.2901,2,5.5,12,18.5,26,37.5,7.4246,10.0594,7.39257,8.98659,0.58944,0.201,0.00804,0.16512,0.04672,0.00896,0.48216,0.5536,0.68772,0.4014,4.40704,0.9636,0,0,0,0,0,0,0
42962902,Munetaka Murakami,1B,2,CWS,SD,Confirmed,6200,0,8.74,0,8.74,1.409677419,11.76,12.27537288,0,100,3.8028,8.4594,7.80436,2,5,12,16,23,33,10.4218,3,6.2,15.5,21.9,31.4,44.4,7.91998,2.6,5.2,11.6,16.8,23.2,32.9,8.04492,1.5,5,12,19,26.5,39,7.7773,10.5474,7.77459,9.40124,0.48584,0.11088,0.01388,0.19612,0.07684,0.01144,0.5462,0.49268,1.36168,0.62912,4.4972,0.80672,0,0,0,0,0,0,0
42962915,Julio Rodriguez,OF,2,SEA,KC,Confirmed,4700,3,8.55,3,8.55,1.819148936,8.02,7.632745965,0,100,4.1942,8.2388,8.31996,3,7,13,16,23,32,10.8644,3,9,15.7,21.7,31.1,43.6,8.16306,2.6,6.8,12,16.1,22.9,31.9,8.64804,2,6,13,18.5,26,37.5,7.62149,10.2306,7.49467,9.01091,0.63504,0.19216,0.01788,0.14828,0.16788,0.02656,0.55616,0.52868,1.02552,0.40956,4.4,0.99336,0,0,0,0,0,0,0
42962903,Mike Trout,OF,2,LAA,NYM,Confirmed,6100,5,8.52,5,8.52,1.396721311,19.04,21.87516703,0,100,4.3272,9.3406,8.6357,3,7,14,17,23,33,11.5081,3,9.2,18.4,22.2,31.7,43.904,8.73538,2.6,7.1,13.9,16.8,23.2,32.9,9.03298,2,6,14,19.5,27.025,39,7.66435,10.3764,7.6534,9.24186,0.5562,0.1401,0.0219,0.19715,0.0895,0.0138,0.62835,0.52945,1.17035,0.6784,4.4393,0.91535,0,0,0,0,0,0,0
42962908,Nick Kurtz,1B,3,ATH,CLE,Confirmed,5300,3,8.28,3,8.28,1.562264151,19.91,23.51211743,0,100,4.6124,9.612,8.1331,2,6,12,16,23,32,10.9224,3,9,15.7,21.9,31.2,43.902,8.26138,2.6,6.8,12,16.1,23.2,32.2,8.52143,2,6,13,18.5,27,38,7.48367,10.2085,7.47228,9.08614,0.5216,0.17705,0.0062,0.1644,0.07595,0.00875,0.5479,0.57375,1.22555,0.6832,4.36255,0.86925,0,0,0,0,0,0,0
42962917,Manny Machado,3B,4,SD,CWS,Confirmed,4500,17,8.25,17,8.25,1.833333333,18.62,19.10429029,0,100,4.6566,8.4594,8.4336,3,7,12,16,23,32,11.223,3,9,15.9,22.2,31.7,43.9,8.41359,2.6,6.8,12,16.245,23.2,32.2,9.15444,2.5,6,13.5,19,27.525,38.505,7.61126,10.3458,7.53957,9.18525,0.62876,0.1872,0.01072,0.1612,0.08244,0.01256,0.57712,0.64108,0.69112,0.53248,4.23584,0.98788,0,0,0,0,0,0,0
42962912,Jackson Merrill,OF,3,SD,CWS,Confirmed,5000,8,8.07,8,8.07,1.614,16.07,17.9010305,0,100,4.6566,8.4594,7.65944,2,6,11,15,21,30,10.1014,3,6.5,15.2,19,28.6,40.4,7.59497,2.6,5.2,11.3,14.2,21.3,29.604,8.03994,2,5.5,12,16.5,25,35,7.0478,9.47908,6.93406,8.38312,0.59672,0.18324,0.04016,0.10596,0.09788,0.0146,0.54516,0.51672,0.91812,0.47952,4.35304,0.92608,0,0,0,0,0,0,0
42962929,Carter Jensen,C,5,KC,SEA,Confirmed,3900,6,8.06,6,8.06,2.066666667,13.52,14.1430255,0,100,4.0446,8.2388,6.9098,2,5,10,14,21,30,9.11818,3,6,12.7,18.7,28.4,40.9,6.92098,2.6,4.5,9.7,14.2,21.3,30.3,7.21508,1,4.5,10.5,16.5,25,36,7.16513,9.68858,7.14111,8.69657,0.51076,0.15684,0.00124,0.16336,0.05172,0.00796,0.45288,0.47136,1.1824,0.42136,4.1612,0.8322,0,0,0,0,0,0,0
42962928,Steven Kwan,OF,1,CLE,ATH,Confirmed,4000,0,8.04,0,8.04,2.01,20.87,24.32120445,0,100,4.9996,9.612,8.27,3,7,12,15.15,21,29.01,10.7482,3,9.2,15.4,20,28.205,38.907,8.13628,2.6,7.1,11.6,15.1,21.3,29.102,8.73557,3,7,12.5,17,24.5,34,6.84836,9.12092,6.707,7.90329,0.78555,0.2466,0.01795,0.07635,0.11905,0.02215,0.6187,0.45835,0.53765,0.51195,4.8051,1.12645,0,0,0,0,0,0,0
42962963,Kyle Manzardo,1B,4,CLE,ATH,Confirmed,2900,6,8.02,6,8.02,2.765517241,14.56,15.97820459,0,100,4.9996,9.612,7.64365,2,5,11,16,23,32,10.2218,3,6.5,15.5,21.9,31.4,44.4,7.65861,2.6,5.2,11.6,16.1,23.2,32.2,8.09828,1.5,5,12,18.5,27,39,7.66736,10.4548,7.62041,9.31668,0.53645,0.17495,0.0033,0.1604,0.06225,0.0077,0.50835,0.6124,1.17375,0.4882,4.4443,0.8751,0,0,0,0,0,0,0
42962925,Xander Bogaerts,SS,5,SD,CWS,Confirmed,4100,15,7.94,15,7.94,1.936585366,17.22,18.50109411,0,100,4.6566,8.4594,7.73516,2,6,11,15,21,29,10.1631,3,9,15.2,19.2,28.6,39.2,7.61243,2.6,6.1,10.9,14.2,21.3,28.4,8.27192,2.5,6,12,16.5,25,34.5,6.86415,9.26025,6.73533,8.12024,0.68032,0.19648,0.01452,0.0976,0.11316,0.0176,0.51752,0.55628,0.58992,0.45312,4.14392,0.98892,0,0,0,0,0,0,0
42962919,Maikel Garcia,3B,1,KC,SEA,Confirmed,4400,8,7.84,8,7.84,1.781818182,10.52,9.484227426,0,100,4.0446,8.2388,7.41308,2,6,11,14,21,28,9.47318,3,6.5,15,18.7,27.6,37.4,7.18916,2.6,5.2,10.4,14.2,20,27.4,7.53438,2,5.5,11,15,23,31.5,6.74379,8.86337,6.53901,7.63339,0.73176,0.18444,0.02124,0.07416,0.17704,0.02708,0.5002,0.35916,0.77548,0.39008,4.58184,1.0116,0,0,0,0,0,0,0
42962942,Salvador Perez,C,4,KC,SEA,Confirmed,3400,4,7.73,4,7.73,2.273529412,11.86,12.04100936,0,100,4.0446,8.2388,6.87376,2,5,10,15,21.05,31,9.01197,3,6,12.7,19.2,28.7,41.205,6.76706,1.9,4.5,9.7,14.2,21.3,30.307,7.35964,1,4.5,11,17,25.5,37,7.22636,9.79348,7.17561,8.77902,0.58788,0.16996,0.00012,0.1538,0.03992,0.0072,0.44764,0.5404,0.97016,0.27284,4.3154,0.91176,0,0,0,0,0,0,0
42962926,Randy Arozarena,OF,4,SEA,KC,Confirmed,4100,0,7.67,0,7.67,1.870731707,4.72,3.949424055,0,100,4.1942,8.2388,7.67956,2,6,12,16,22,30,10.17,3,6.5,15.2,21.2,28.7,40.4,7.65311,2.6,5.2,11.3,15.1,21.3,29.6,7.91392,1.5,5.5,12,17,25,34.5,7.174,9.64571,7.0619,8.45647,0.5216,0.18916,0.01264,0.11812,0.16032,0.0214,0.49592,0.50068,1.04528,0.54592,4.20276,0.84152,0,0,0,0,0,0,0
42962924,Bo Bichette,3B,1,NYM,LAA,Confirmed,4200,6,7.59,6,7.59,1.807142857,18.77,19.29141787,0,100,5.0134,9.3406,8.43995,3,7,12,16,22,31,10.8984,3,9.2,15.7,21.4,29.2,40.9,8.22474,2.6,7.1,11.6,15.43,22,30.3,8.96237,3,7,13,17,25.5,36,7.06207,9.46229,6.94095,8.32636,0.90545,0.21815,0.01275,0.10805,0.06615,0.0106,0.668,0.50385,0.70335,0.38795,4.83795,1.2444,0,0,0,0,0,0,0
42962948,Marcus Semien,2B,5,NYM,LAA,Confirmed,3300,0,7.56,0,7.56,2.290909091,24.21,29.69491951,0,100,5.0134,9.3406,7.75855,2,6,11,15,22,31,10.2297,3,6.5,15.2,19.5,29.2,41.7,7.65847,2.6,5.2,11.3,14.9,21.705,30.3,8.30505,2,6,12,17,25.5,36.505,7.19275,9.72398,7.07333,8.53584,0.6596,0.1809,0.01725,0.10855,0.10685,0.01645,0.5137,0.5751,0.6411,0.46995,4.4086,0.9663,0,0,0,0,0,0,0
42962937,Daniel Schneemann,3B/OF,5,CLE,ATH,Confirmed,3500,0,7.5,0,7.5,2.142857143,17.26,18.33368392,0,100,4.9996,9.612,7.27845,2,5,11,15,21,30,9.65777,3,6.2,15,19.2,28.7,41.4,7.27167,2.6,5.2,10.9,14.2,21.3,30.3,7.51185,1.5,5,11,16.5,25,36.5,7.21503,9.76276,7.13701,8.64619,0.534,0.1803,0.0129,0.12145,0.09205,0.01415,0.49275,0.50825,1.2095,0.4975,4.3374,0.84865,0,0,0,0,0,0,0
42962947,Jac Caglianone,OF,6,KC,SEA,Confirmed,3300,6,7.49,6,7.49,2.26969697,6.36,5.719581562,0,100,4.0446,8.2388,6.44928,2,5,10,14,20,28,8.42555,3,6,12.4,18.7,27.7,38.101,6.40909,1.9,4.5,9.7,14.2,19.9,28.1,6.694,1,4.5,10,15.5,23,33.5,6.7406,9.06833,6.68759,8.09116,0.52524,0.16036,0.01528,0.12364,0.06184,0.01016,0.41644,0.41252,1.03744,0.373,4.0662,0.82452,0,0,0,0,0,0,0
42962906,Zach Neto,SS,1,LAA,NYM,Confirmed,5500,4,7.49,4,7.49,1.361818182,18.66,20.44275644,0,100,4.3272,9.3406,7.84335,2,6,12,16,23,32,10.1954,3,6.5,15.4,21.4,30.9,43.1,7.70017,2.6,5.2,11.6,15.8,22.5,31.202,7.9381,1.5,5.5,12,17,25.5,36.5,7.51697,10.0009,7.36938,8.7701,0.61775,0.186,0.0124,0.134,0.1667,0.0309,0.552,0.4298,1.2077,0.4119,4.5438,0.95015,0,0,0,0,0,0,0
42962911,Colson Montgomery,SS,4,CWS,SD,Confirmed,5100,4,7.34,4,7.34,1.439215686,10.01,9.476952718,0,100,3.8028,8.4594,7.17668,2,5,11,16,22,31,9.53244,3,6.2,13,21.7,28.7,41.915,7.21268,2.6,5.2,10.4,16.1,21.3,31.002,7.50634,1,4.5,11,18,25.5,36.505,7.42682,10.0896,7.40505,9.04224,0.50148,0.12956,0.01816,0.16928,0.05316,0.00744,0.449,0.53248,1.257,0.4788,4.3216,0.81848,0,0,0,0,0,0,0
42962957,Travis Bazzana,2B,6,CLE,ATH,Confirmed,3100,13,7.27,13,7.27,2.34516129,20.46,24.13348635,0,100,4.9996,9.612,7.42345,2,5,11,15,21,30,9.86695,3,6.5,15.2,19,28.7,41.101,7.4511,2.6,5.2,11,14.2,21.3,30.003,7.75457,1.5,5.5,11.5,16.5,25,35.505,7.00978,9.48436,6.94343,8.32609,0.5412,0.17875,0.01205,0.1144,0.1026,0.0152,0.51375,0.4844,0.91015,0.5782,4.26695,0.8464,0,0,0,0,0,0,0
42962950,Miguel Andujar,3B/OF,2,SD,CWS,Confirmed,3200,14,7.14,14,7.14,2.23125,15.68,16.22897456,0,100,4.6566,8.4594,7.84332,3,6,12,15,21,29.01,10.1821,3,9,15.2,19,28.2,39.407,7.65667,2.6,6.4,11.3,14.2,20.6,28.405,8.39,2.5,6,12,16.5,24.525,34,6.93276,9.31272,6.8117,8.2375,0.7688,0.21424,0.01948,0.10528,0.07276,0.01248,0.58288,0.51708,0.65888,0.34668,4.433,1.1078,0,0,0,0,0,0,0
42962930,Josh Naylor,1B,3,SEA,KC,Confirmed,3900,5,7.1,5,7.1,1.820512821,3.74,2.998393885,0,100,4.1942,8.2388,7.1484,2,5,10,14,21,30,9.29371,3,6.2,12.7,18.7,27.915,40.202,6.98437,2.6,5.2,9.7,14.2,20.6,28.902,7.48022,1.5,5.5,11,16,24,35,6.89723,9.2336,6.76073,8.12135,0.65404,0.17892,0.00296,0.10584,0.12296,0.01764,0.46684,0.47604,0.79436,0.35452,4.27584,0.94176,0,0,0,0,0,0,0
42962961,MJ Melendez,OF,3,NYM,LAA,Confirmed,2900,5,7.06,5,7.06,2.434482759,13.24,14.11487508,0,100,5.0134,9.3406,8.26255,2,6,13,17,24,33,10.9472,3,9,15.9,22.2,31.7,44.702,8.21716,2.6,6.4,12.3,16.8,23.6,32.9,8.78658,2,6,13.5,19.075,28,40,7.84936,10.6693,7.7746,9.48168,0.59915,0.19645,0.02415,0.1552,0.09075,0.01455,0.53685,0.6272,1.05775,0.4779,4.518,0.97495,0,0,0,0,0,0,0
42962998,Isaac Collins,OF,7,KC,SEA,Confirmed,2300,14,6.99,14,6.99,3.039130435,3.43,2.686347178,0,100,4.0446,8.2388,6.20132,2,5,9,13,19,26.01,8.1138,3,6,12.2,15.7,25.2,34.9,6.18592,2.6,4.5,9,12.3,18.7,25.8,6.20734,1,4.5,9,13,21.5,30,6.25277,8.34203,6.14646,7.26443,0.50944,0.14728,0.013,0.07384,0.12676,0.02148,0.37652,0.34452,0.99644,0.50916,3.98932,0.74356,0,0,0,0,0,0,0
42962921,Tyler Soderstrom,OF,6,ATH,CLE,Confirmed,4300,22,6.94,22,6.94,1.613953488,8.32,7.954170182,0,100,4.6124,9.612,7.2671,2,5,11,15,21,30,9.56241,3,6.2,15,19,28.7,40.9,7.19437,2.6,5.2,10.4,14.2,21.3,30,7.7525,1.5,5.5,11.5,17,25,36,7.03851,9.53144,6.96587,8.47317,0.59125,0.1887,0.0176,0.12445,0.06765,0.0093,0.5023,0.5177,0.8211,0.39315,4.04665,0.922,0,0,0,0,0,0,0
42962927,Jacob Wilson,SS,1,ATH,CLE,Confirmed,4000,5,6.92,5,6.92,1.73,15.72,16.45593841,0,100,4.6124,9.612,8.1413,3,7,12,15,21,29,10.4633,3,9.2,15.4,19.2,28.4,40.102,7.90462,2.6,7.1,11.6,14.2,21,28.9,8.71422,3,7,13,17,25,34,6.74142,8.98977,6.58987,7.92849,0.88635,0.2604,0.01535,0.0835,0.06985,0.0107,0.5923,0.5086,0.59575,0.3357,4.5836,1.2456,0,0,0,0,0,0,0
42962958,Sam Antonacci,OF,1,CWS,SD,Confirmed,3000,2,6.91,2,6.91,2.303333333,4.32,3.563115099,0,100,3.8028,8.4594,6.75464,2,5,10,13.15,20,28,8.70182,3,6.2,12.4,18.2,25.4,37.6,6.65062,2.6,5.2,9.7,13.2,19.4,27.4,6.94666,1.5,5,10,14,22,32,6.53191,8.61538,6.38556,7.48779,0.63808,0.15724,0.03752,0.07092,0.11428,0.019,0.44832,0.33984,0.70228,0.44856,4.57928,0.90376,0,0,0,0,0,0,0
42962962,Colby Thomas,OF,4,ATH,CLE,Confirmed,2900,14,6.73,14,6.73,2.320689655,7.66,7.183974932,0,100,4.6124,9.612,7.16115,2,5,10,15,22,32,9.48039,3,6.2,13,19.415,29.2,43.9,7.09306,2.6,5.2,9.7,14.6,21.3,31.5,7.49555,1.5,5,11,17,25.5,37.005,7.25473,9.8608,7.17329,8.82242,0.5567,0.1907,0.00825,0.13225,0.06685,0.01225,0.4562,0.5806,1.2611,0.3706,4.2445,0.8879,0,0,0,0,0,0,0
42962939,Andrew Benintendi,OF,3,CWS,SD,Confirmed,3500,0,6.72,0,6.72,1.92,5.6,4.891092061,0,100,3.8028,8.4594,6.88192,2,5,10,14,21,28,8.96296,3,6.2,12.5,18.7,27.9,38.101,6.82792,2.6,5.2,9.7,14.2,20.6,28.4,7.24378,1.5,5,10.5,16,24,34,6.8251,9.15493,6.75407,8.14454,0.60504,0.16468,0.02996,0.11064,0.05972,0.00952,0.4442,0.4344,0.83844,0.42076,4.39628,0.91032,0,0,0,0,0,0,0
42962923,Jo Adell,OF,5,LAA,NYM,Confirmed,4200,3,6.69,3,6.69,1.592857143,8.16,7.766106504,0,100,4.3272,9.3406,7.2775,2,5,11,15,21,31,9.54633,3,6.2,13.2,19,28.7,41.202,7.13595,2.6,5.2,10.2,14.2,21.3,30.3,7.6735,1.5,5,11.5,16.5,25.5,36.5,7.18214,9.73548,7.08261,8.6665,0.6209,0.15715,0.00845,0.13915,0.09035,0.01505,0.4669,0.5642,1.0134,0.328,4.1478,0.92565,0,0,0,0,0,0,0
42962980,Nick Castellanos,1B/OF,7,SD,CWS,Confirmed,2600,5,6.62,5,6.62,2.546153846,4.9,4.164980697,0,100,4.6566,8.4594,6.479,2,5,10,14,20,28,8.53019,3,6.2,12.4,18.4,26.25,37.6,6.39913,2.6,4.5,9,13.245,19.41,27.4,6.87118,1.5,4.5,10,14.5,23,32.005,6.5678,8.87729,6.47657,7.87855,0.55812,0.1576,0.01748,0.09972,0.06224,0.0096,0.43556,0.48624,0.79348,0.3624,3.91804,0.83292,0,0,0,0,0,0,0
42962966,Carson Benge,OF,6,NYM,LAA,Confirmed,2800,15,6.6,15,6.6,2.357142857,9.04,8.810700872,0,100,5.0134,9.3406,7.4799,2,5,11,15,21,29.01,9.79155,3,6.5,15.2,18.9,28.4,40.6,7.34247,2.6,5.2,10.9,14.2,21.3,28.9,7.79975,2,5.5,11,16.5,24.5,34.5,7.00034,9.39638,6.84873,8.17048,0.63225,0.16475,0.0146,0.103,0.1514,0.02615,0.489,0.4986,0.7731,0.4402,4.2466,0.9146,0,0,0,0,0,0,0
42962956,Brayan Rocchio,SS,9,CLE,ATH,Confirmed,3100,0,6.56,0,6.56,2.116129032,9.21,8.563945921,0,100,4.9996,9.612,6.8254,2,5,10,14,20,28,8.94045,3,6.2,12.5,18.4,26.01,37.7,6.71599,2.6,5.2,9.7,13.5,19.4,27.403,7.16927,2,5,10.5,14.5,23,32,6.52039,8.76625,6.39019,7.64209,0.6184,0.19395,0.00455,0.0747,0.10765,0.01825,0.47425,0.4505,0.65725,0.41465,3.92865,0.8916,0,0,0,0,0,0,0
42962932,Jorge Soler,OF,4,LAA,NYM,Confirmed,3800,5,6.5,5,6.5,1.710526316,9.57,9.451482978,0,100,4.3272,9.3406,7.2693,2,5,10,15,21,30,9.70987,3,6.35,13,19.23,28.7,41.4,7.31431,2.6,5.2,9.7,14.615,21.3,30.3,7.6116,1.5,5,11,17,25,36,7.04516,9.62509,7.0322,8.62349,0.5455,0.15015,0.01135,0.14505,0.03875,0.00565,0.49585,0.5551,1.24,0.52255,4.2323,0.85205,0,0,0,0,0,0,0
42962945,Brett Baty,1B/OF,4,NYM,LAA,Confirmed,3300,9,6.49,9,6.49,1.966666667,16.39,18.40604871,0,100,5.0134,9.3406,7.5951,2,5,11,15,23,31,10.0471,3,6.5,15.2,19.53,30.9,41.4,7.5272,2.6,5.2,10.9,14.9,22.5,30.304,8.02503,2,5.5,11.5,17,26,36.505,7.22045,9.78513,7.12324,8.65687,0.64035,0.1565,0.02605,0.1153,0.08105,0.0113,0.4835,0.59735,0.97645,0.4816,4.426,0.9382,0,0,0,0,0,0,0
42963013,Petey Halpin,OF,7,CLE,ATH,Confirmed,2000,0,6.48,0,6.48,3.24,5.21,4.47566693,0,100,4.9996,9.612,7.3079,2,5,11,14,21,30,9.7387,3,6.5,15,18.9,28.4,40.9,7.35683,2.6,5.2,10.6,14.2,21.3,29.6,7.62415,1.5,5.5,11,16,25,36,6.88606,9.32799,6.82259,8.23612,0.54135,0.16545,0.01065,0.1169,0.0846,0.0142,0.5075,0.4902,0.9701,0.592,4.1674,0.83435,0,0,0,0,0,0,0
42962964,Zack Gelof,2B/OF,5,ATH,CLE,Confirmed,2900,18,6.4,18,6.4,2.206896552,11.11,11.36280598,0,100,4.6124,9.612,6.81225,2,5,10,14,21,28,8.98783,3,6.2,12.7,18.7,28.105,38.202,6.72468,2.6,5.2,9.7,13.9,20.3,27.7,6.82573,1,5,10.5,15.075,23.5,33.005,6.73204,9.06517,6.60112,7.96628,0.531,0.1684,0.00825,0.09615,0.12995,0.0195,0.46275,0.46825,1.34855,0.419,4.13815,0.8038,0,0,0,0,0,0,0
42962952,Nolan Schanuel,1B,3,LAA,NYM,Confirmed,3200,6,6.2,6,6.2,1.9375,9.87,9.887435196,0,100,4.3272,9.3406,6.86345,2,5,10,13,19,26,8.93376,3,6.2,12.5,16.2,25.2,34.9,6.77622,2.6,5.2,9.7,12.3,18.7,25.8,7.2626,2,5.5,10.5,14,22,31,6.13313,8.21422,6.03646,7.22105,0.7101,0.1847,0.0065,0.0712,0.06465,0.00975,0.4693,0.434,0.5881,0.4579,4.31125,0.9725,0,0,0,0,0,0,0
42962993,Tyrone Taylor,OF,8,NYM,LAA,Confirmed,2400,0,6.14,0,6.14,2.558333333,4.48,3.727321254,0,100,5.0134,9.3406,6.50715,2,5,10,13,19,28,8.44156,3,6.2,12.5,16.7,25.2,37.402,6.33575,2.6,4.5,9.4,12.3,18.7,27,6.79873,1.5,5,10.5,14,22,32,6.37199,8.4908,6.20524,7.43587,0.625,0.1689,0.02935,0.06655,0.09745,0.01595,0.4529,0.42995,0.71265,0.3172,4.04835,0.8898,0,0,0,0,0,0,0
42962967,Rob Refsnyder,OF,1,SEA,KC,Confirmed,2800,0,6.14,0,6.14,2.192857143,1.93,1.319954263,0,100,4.1942,8.2388,7.09324,2,5,10,14,21,30,9.39074,3,6.2,13,18.7,28.4,40.9,7.12348,2.6,5.2,9.7,14.2,21.3,29.6,7.34648,1.5,5,11,16.5,24.5,35.005,6.96376,9.39346,6.91592,8.29817,0.52836,0.17528,0.00844,0.12292,0.07856,0.01176,0.5124,0.43156,1.03512,0.52716,4.37956,0.835,0,0,0,0,0,0,0
42962959,J.P. Crawford,SS,5,SEA,KC,Confirmed,3000,3,6.14,3,6.14,2.046666667,2.71,1.902846045,0,100,4.1942,8.2388,6.72568,2,5,10,14,20,27,8.93644,3,6.2,12.5,18.4,27.41,37.4,6.73404,2.6,5.2,9.7,13.5,19.615,27.202,7.0546,1.5,5,10,14.5,23,32,6.47006,8.78313,6.41442,7.7687,0.56884,0.1434,0.0038,0.10212,0.0652,0.00956,0.46072,0.4794,0.85432,0.52216,4.08676,0.81816,0,0,0,0,0,0,0
42963007,Ty France,1B,6,SD,CWS,Confirmed,2200,6,6.09,6,6.09,2.768181818,4.55,3.815714565,0,100,4.6566,8.4594,6.83388,2,5,10,14,20,28,8.99345,3,6.2,12.5,18.7,27.41,37.9,6.74176,2.6,5.2,9.7,13.5,19.9,27.4,7.37342,2,5.5,11,15,23,32.505,6.53911,8.87474,6.46101,7.88493,0.62224,0.18092,0.01416,0.09852,0.04792,0.00696,0.46376,0.52908,0.65356,0.3694,4.00408,0.91584,0,0,0,0,0,0,0
42962977,Michael Massey,2B,8,KC,SEA,Confirmed,2700,0,6.02,0,6.02,2.22962963,7.02,6.417997136,0,100,4.0446,8.2388,5.89832,0,4,8,12,19,26.01,7.6537,0,6,10,15.7,25.2,35.401,5.77375,0,4.5,7.8,11.6,18.7,25.8,6.30988,0,4,9,13.5,22.5,32,6.36785,8.56068,6.27698,7.62692,0.56236,0.17024,0.00208,0.09852,0.05268,0.0086,0.37772,0.4208,0.63464,0.24888,3.82624,0.8332,0,0,0,0,0,0,0
42962985,Jake Cronenworth,2B,9,SD,CWS,Confirmed,2500,0,5.95,0,5.95,2.38,6.53,5.933608547,0,100,4.6566,8.4594,5.94208,2,5,9,12,18,25,7.90406,3,6.2,12.2,15.5,24.7,34.202,5.97894,2.6,4.5,9,11.6,18,24.803,6.15578,1.5,4.5,9,12.5,20.5,29,5.8148,7.84724,5.74497,6.85321,0.50316,0.12564,0.02448,0.05828,0.06296,0.00992,0.43032,0.3816,0.7234,0.54356,3.69592,0.71156,0,0,0,0,0,0,0
42962955,Mark Vientos,1B,7,NYM,LAA,Confirmed,3100,32,5.92,32,5.92,1.909677419,8.32,8.010881703,0,100,5.0134,9.3406,7.18025,2,5,10,15,21,31,9.46471,3,6.2,13,19.2,28.7,43.402,7.11507,2.6,5.2,9.7,14.2,21.3,31.002,7.62743,1.5,5,11,17,25.5,37,7.20538,9.78278,7.14742,8.70933,0.608,0.14965,0.01265,0.14055,0.0505,0.00895,0.4934,0.53495,0.94345,0.39605,4.17695,0.91085,0,0,0,0,0,0,0
42962940,Chase Meidroth,2B,5,CWS,SD,Confirmed,3500,8,5.84,8,5.84,1.668571429,6.27,5.646144617,0,100,3.8028,8.4594,5.97224,2,5,9,12,17,25,7.71632,3,6,12,15.2,22,31.903,5.87505,2.6,4.5,8.7,11.3,16.8,23.9,6.12666,1.5,4.5,9,12,19,28.505,5.64753,7.50506,5.51334,6.54336,0.66592,0.14792,0.00768,0.0452,0.07792,0.01376,0.37672,0.3578,0.7154,0.4314,4.22804,0.86672,0,0,0,0,0,0,0
42962960,Cole Young,2B,6,SEA,KC,Confirmed,3000,3,5.82,3,5.82,1.94,3.32,2.574637125,0,100,4.1942,8.2388,6.63264,2,5,10,14,20,27,8.7015,3,6.2,12.5,18.23,25.7,35.415,6.55496,2.6,5.2,9.7,13.5,19.105,26.302,7.00172,1.5,5,10.5,15,23,32,6.42085,8.65026,6.31948,7.66547,0.5742,0.17292,0.02872,0.08592,0.07088,0.01132,0.434,0.47332,0.79104,0.39372,3.96924,0.86176,0,0,0,0,0,0,0
42963004,Luisangel Acuna,SS/OF,8,CWS,SD,Confirmed,2200,0,5.78,0,5.78,2.627272727,3.01,2.240272499,0,100,3.8028,8.4594,6.1144,2,5,9,12,19,27,7.89735,3,6,12.2,15.7,25.2,34.9,5.95374,1.9,4.5,9,11.6,18.7,25.8,6.31032,1,4.5,9,13,21.025,30,6.28948,8.33443,6.11105,7.2417,0.58884,0.12716,0.01432,0.07368,0.13456,0.02252,0.36684,0.38444,0.64056,0.34268,3.8522,0.804,0,0,0,0,0,0,0
42962968,Josh Lowe,OF,6,LAA,NYM,Confirmed,2800,0,5.71,0,5.71,2.039285714,5.54,4.826735317,0,100,4.3272,9.3406,6.88315,2,5,10,14,21,29,8.98466,3,6.2,12.7,18.7,28.2,40.202,6.74728,1.9,4.5,9.7,14.2,20.6,29.3,7.12085,1,5,11,16,24.5,34,6.94613,9.30492,6.81166,8.18218,0.5347,0.1511,0.02405,0.11315,0.14345,0.02145,0.43105,0.4584,0.9145,0.35175,3.9463,0.823,0,0,0,0,0,0,0
42962994,Freddy Fermin,C,8,SD,CWS,Confirmed,2400,2,5.69,2,5.69,2.370833333,13.66,14.30153073,0,100,4.6566,8.4594,6.1934,2,5,9,12,18,26,8.13592,3,6.2,12.2,15.7,24.9,34.9,6.13617,2.6,4.5,9,11.6,18.4,25.8,6.55608,1.5,5,9.5,13,21.5,30.505,5.99068,8.07288,5.90291,7.1233,0.5966,0.16476,0.00852,0.07108,0.04948,0.0084,0.43688,0.427,0.64376,0.41284,3.80348,0.84096,0,0,0,0,0,0,0
42963006,Kyle Isbel,OF,9,KC,SEA,Confirmed,2200,8,5.67,8,5.67,2.577272727,2.44,1.710736033,0,100,4.0446,8.2388,5.50108,0,4,8,12,18,24.01,7.084,0,6,9.7,15.2,22.5,33.9,5.35898,0,4.2,7.8,11.3,16.8,24.4,5.66646,0,3.5,8.5,12,20,29,5.92364,7.85198,5.77778,6.90805,0.54744,0.15036,0.0184,0.0606,0.08368,0.0138,0.3552,0.34112,0.73644,0.27136,3.7372,0.7768,0,0,0,0,0,0,0
42962944,Jeff McNeil,2B,9,ATH,CLE,Confirmed,3400,14,5.57,14,5.57,1.638235294,5.99,5.328182219,0,100,4.6124,9.612,6.4518,2,5,10,13,19,25.01,8.42929,3,6.2,12.4,16,25.2,34.9,6.34082,2.6,5.2,9,12.3,18.7,25.1,6.89988,2,5,10,14,22,31,6.05733,8.12745,5.93067,7.1219,0.60675,0.19735,0.0212,0.0585,0.0747,0.01095,0.4517,0.4371,0.47785,0.36955,3.7102,0.8838,0,0,0,0,0,0,0
42963010,Austin Wynns,C,7,ATH,CLE,Confirmed,2200,4,5.52,4,5.52,2.509090909,10.41,10.25755896,0,100,4.6124,9.612,6.38375,2,5,9,13,19,27,8.33716,3,6.2,12.2,16.5,25.2,35.715,6.26768,2.6,4.5,9,12.3,18.7,26.505,6.6739,1.5,5,10,14,22,31.5,6.28401,8.48937,6.20001,7.55646,0.6164,0.18315,0.00665,0.0874,0.0488,0.00885,0.4579,0.44925,0.9321,0.31665,3.9426,0.8936,0,0,0,0,0,0,0
42962990,Darell Hernaiz,2B/3B,8,ATH,CLE,Confirmed,2400,5,5.42,5,5.42,2.258333333,5.79,4.797800311,0,100,4.6124,9.612,6.55605,2,5,10,13,19,26,8.53714,3,6.2,12.4,16.03,25.2,34.902,6.4213,2.6,5.2,9.4,12.3,18.7,25.8,6.85755,2,5,10,14,22,30.505,6.09959,8.16611,5.95888,7.13927,0.6352,0.1884,0.01585,0.06115,0.09065,0.0136,0.4633,0.42555,0.6927,0.3696,3.8296,0.9006,0,0,0,0,0,0,0
42963017,Jarred Kelenic,OF,6,CWS,SD,Confirmed,2000,3,5.35,3,5.35,2.675,1.98,1.369380058,0,100,3.8028,8.4594,6.32908,2,5,9,13,20,28,8.32919,3,6,12.2,18.2,25.7,38.101,6.32745,2.6,4.5,9,13.2,19.4,27.7,6.47548,1,4,9,14,23,33.005,6.58783,8.88136,6.51943,7.86085,0.50876,0.12748,0.01832,0.10604,0.0814,0.01428,0.38936,0.41448,1.06056,0.47188,4.10104,0.7606,0,0,0,0,0,0,0
42962992,Drew Romo,C,9,CWS,SD,Confirmed,2400,14,5.32,14,5.32,2.216666667,6.42,5.59731067,0,100,3.8028,8.4594,6.1254,0,4,9,14,20,28,8.07806,0,6,12.2,18.4,25.7,37.903,6.12326,0,4.5,9,13.5,19.4,27.701,6.36654,0,3.5,9,14.5,23,33.5,6.66103,8.98528,6.60164,7.95797,0.469,0.11444,0.01892,0.11728,0.073,0.01168,0.38752,0.41144,0.90708,0.42956,3.77476,0.71964,0,0,0,0,0,0,0
42962972,Vaughn Grissom,1B/2B,7,LAA,NYM,Confirmed,2800,2,5.3,2,5.3,1.892857143,9.85,9.833826003,0,100,4.3272,9.3406,6.87365,2,5,10,14,21,28,8.94145,3,6.2,12.7,18.7,27.9,38.202,6.75103,2.6,5.2,9.7,14.2,20.6,28.4,7.3212,1.5,5,11,16,24,33.505,6.78991,9.11079,6.6893,8.07641,0.6241,0.15695,0.02255,0.11105,0.0811,0.01275,0.42965,0.47815,0.6767,0.3523,3.92125,0.91465,0,0,0,0,0,0,0
42962933,Oswald Peraza,2B/3B,8,LAA,NYM,Confirmed,3700,0,5.25,0,5.25,1.418918919,9.98,9.291161323,0,100,4.3272,9.3406,6.162,0,5,9,13,19,28,8.03209,0,6,12.2,16.2,25.2,37.4,6.04752,0,4.5,9,12.3,18.7,27.004,6.25117,0,4,9,14,22,32,6.44154,8.60152,6.29748,7.54657,0.54485,0.1237,0.01075,0.08915,0.12335,0.01995,0.3886,0.39785,0.95625,0.3709,3.7927,0.76845,0,0,0,0,0,0,0
42963009,Austin Hedges,C,8,CLE,ATH,Confirmed,2200,0,5.14,0,5.14,2.336363636,18.54,20.85258926,0,100,4.9996,9.612,6.9602,2,5,10,14,21,29,9.19683,3,6.2,12.7,18.7,28.4,40.4,6.88836,2.6,5.2,9.7,14.2,20.6,28.9,7.35103,1.5,5,11,16,25,35,6.91102,9.3846,6.83676,8.3126,0.5871,0.15675,0.0052,0.12155,0.06965,0.011,0.48405,0.52045,0.90805,0.4004,4.05325,0.8706,0,0,0,0,0,0,0
42963015,Leo Rivas,3B,9,SEA,KC,Confirmed,2000,4,5.07,4,5.07,2.535,0.41,0.183877412,0,100,4.1942,8.2388,5.6122,2,4,8,11,17.05,24,7.45534,3,6,12,15.2,22.7,31.903,5.61728,1.9,4.5,8.7,11.3,16.8,23.9,5.66956,0.5,4,8.5,11.5,19.5,28,5.74049,7.7376,5.64661,6.74054,0.45728,0.14096,0.0112,0.05228,0.0906,0.01232,0.38668,0.3668,0.92648,0.4816,3.639,0.66172,0,0,0,0,0,0,0
42963001,Connor Joe,1B/OF,7,SEA,KC,Confirmed,2300,2,4.93,2,4.93,2.143478261,1.03,0.622293948,0,100,4.1942,8.2388,6.22072,2,5,9,12,19,26,8.25972,3,6.2,12.2,16,25.2,35.1,6.25472,2.6,4.5,9,12.3,18.7,25.8,6.434,1.5,4.5,9.5,13.5,22,31,6.20631,8.38946,6.14533,7.40744,0.48572,0.16528,0.01184,0.08232,0.06916,0.01076,0.4146,0.41688,0.93088,0.50524,3.87176,0.74516,0,0,0,0,0,0,0
42962995,Tristan Peters,OF,7,CWS,SD,Confirmed,2300,8,4.8,8,4.8,2.086956522,0.75,0.39153654,0,100,3.8028,8.4594,5.40308,0,3,8,11,17,25,6.97664,0,3.5,9.7,15.2,22.2,33.9,5.29285,0,2.6,7.8,11.3,16.8,24.1,5.44732,0,3,8.5,12,19.5,28.5,5.89725,7.81984,5.75083,6.88698,0.53616,0.12728,0.02748,0.0546,0.08212,0.0104,0.3218,0.34448,0.94336,0.3246,3.95388,0.74552,0,0,0,0,0,0,0
42962999,Luis Torrens,C,9,NYM,LAA,Confirmed,2300,2,4.65,2,4.65,2.02173913,14.42,15.28268667,0,100,5.0134,9.3406,6.43885,2,5,9,12.15,19,27,8.42616,3,6.2,12.2,16,25.2,37.101,6.33567,2.6,4.5,9,12.3,18.7,27,6.80805,2,5,10,14,22,31.505,6.19209,8.33552,6.09158,7.32222,0.6305,0.17,0.01195,0.0739,0.05755,0.00905,0.4788,0.4335,0.6549,0.3752,3.95135,0.88635,0,0,0,0,0,0,0
42963046,Jhonny Pereda,C,8,SEA,KC,Confirmed,2200,0,4.21,0,4.21,1.913636364,2.86,2.115388571,0,100,4.1942,8.2388,5.97996,2,5,9,12,18,26,7.90511,3,6,12.2,15.7,25.2,34.903,5.96206,1.9,4.5,9,11.6,18.7,25.8,6.20324,1,4.5,9,13,22,31,6.12554,8.28981,6.05762,7.35862,0.50756,0.14936,0.01168,0.08416,0.05712,0.00892,0.39544,0.42932,0.93872,0.42016,3.72536,0.75276,0,0,0,0,0,0,0
42963018,Sebastian Rivero,C,9,LAA,NYM,Confirmed,2000,3,3.98,3,3.98,1.99,8.31,7.727907357,0,100,4.3272,9.3406,5.9139,0,5,9,12,18,26,7.67369,0,6,12,15.7,24.9,34.9,5.79183,0,4.5,8.7,11.6,18.415,25.5,6.1722,0,4.5,9,13,21.5,31,6.1691,8.25803,6.06365,7.32406,0.56495,0.14025,0.0237,0.08235,0.0653,0.0096,0.39555,0.39525,0.7814,0.2983,3.686,0.81125,0,0,0,0,0,0,0
42963184,Mason Miller,P,,SD,CWS,,4000,7.65,2.7,7.65,2.7,0.675,0.05,0.010582852,0,100,4.6566,8.4594,2.69843,0,0.75,4.6625,6.765,11.155,16.351,4.53924,0,2,8,11,17,25,0.920892,0,0,2,4,6.2,10,5.84298,0,5,10,13,19,26,4.17866,6.31254,3.02364,6.91336,0.30916,0.06852,0.01112,0.05396,0,0,0.22532,0,0.91148,0.38656,2.80948,0.44276,0.20872,0,0.06544,0,0,0,11.464
42963237,Wandy Peralta,P,,SD,CWS,,4000,0,2.55,,2.55,0.6375,0.04,0.008006915,0,100,4.6566,8.4594,2.55404,0,2.4,5,6.25,8.4,11.15,4.54128,1,5,8,9,13,17,0.184452,-1.65,0,2,3.1,5.1,8,3.95962,0,4,7,9,12.5,16.5,3.60187,4.85774,3.15891,5.07245,0.51356,0.12428,0.01884,0.09412,0,0,0.38064,0,0.8334,0.41252,3.78236,0.7508,0.34976,0,0.06604,0,0,0,14.8333
42963220,Jason Adam,P,,SD,CWS,,4000,7.65,2.45,7.65,2.45,0.6125,0,0,0,100,4.6566,8.4594,2.44704,0,2.4,4.9,5.8,7.8,10.5,4.331,1,4,7,9,12,16,0.24684,-0.9,0,2,3.1,5.1,7.1,3.7904,0,4,7,9,11.5,15,3.41204,4.60628,2.96631,4.80246,0.44828,0.10148,0.01908,0.07472,0,0,0.33632,0,0.8542,0.43764,3.51228,0.64356,0.31056,0,0.03316,0,0,0,14.4866
42963197,Erik Sabrowski,P,,CLE,ATH,,4000,0,2.33,,2.33,0.5825,0,0,0,100,4.9996,9.612,2.32727,0,2.15,4.9,6.25,8.4,11.15,4.1611,0,4,8,9,13,17,0.37028,-0.9,0,2,3.1,6,8,3.6367,0,3.5,7,9,12.5,16.5,3.63872,4.98581,3.13802,5.15527,0.35165,0.1259,0.01065,0.0718,0,0,0.36315,0,0.91825,0.4888,3.18805,0.56,0.33545,0,0.03715,0,0,0,13.1334
42963234,Ryan Zeferjahn,P,,LAA,NYM,,4000,0,2.24,,2.24,0.56,0,0,0,100,4.3272,9.3406,2.24133,0,0.75,4.25,6.25,10.5,15.2505,4.0075,0,2,7,10,16.05,24,0.33627,0,0,2,3.1,6,9.102,4.80115,0,3,9,12,18,25.5,4.10147,6.06374,3.25438,6.76128,0.3859,0.10605,0.01005,0.08015,0,0,0.3376,0,0.79,0.43155,3.08,0.58215,0.3131,0,0.0737,0,0,0,12.736
42963231,Mark Leiter Jr.,P,,ATH,CLE,,4000,4.25,2.23,4.25,2.23,0.5575,0.01,0.001415436,0,100,4.6124,9.612,2.22918,0,2.3,4.45,5.9,8.25,10.5,4.14395,1,4,7,9,12,16,0.001855,-1.8,0,2,3.1,5.1,7.1,3.52743,0,3.5,7,9,12,15.5,3.61898,4.84304,3.20667,5.08272,0.46845,0.1262,0.0059,0.08605,0,0,0.42215,0,0.87205,0.54645,3.6307,0.6866,0.38945,0,0.0366,0,0,0,14.7204
42963232,Scott Barlow,P,,ATH,CLE,,4000,0,2.18,,2.18,0.545,0,0,0,100,4.6124,9.612,2.17834,0,2.3,4.4,5.75,8.25,11,4.0942,1,4,7,9,12,16,-0.0321,-1.8,0,2,3.1,5.1,8,3.4652,0,3.5,7,8.5,12,16,3.64276,4.87118,3.24955,5.11855,0.41915,0.12895,0.00515,0.09335,0,0,0.43535,0,0.85995,0.6114,3.6262,0.6466,0.3992,0,0.04465,0,0,0,15.3252
42963174,Bradgley Rodriguez,P,,SD,CWS,,4000,0,2.15,,2.15,0.5375,0.02,0.003366493,0,100,4.6566,8.4594,2.15366,0,1.65,4.4,5.75,8.25,11,3.80344,0,3,7,9,12,16,0.235444,-0.9,0,2,3.1,5.1,8,3.33362,0,2.5,6.5,8.5,12,16,3.40237,4.73031,2.84095,4.83483,0.41144,0.1006,0.0162,0.06308,0,0,0.29492,0,0.70772,0.34832,3.0598,0.59132,0.27276,0,0.0528,0,0,0,12.2322
42963228,Luke Weaver,P,,NYM,LAA,,4000,8.4,2.14,8.4,2.14,0.535,0.01,0.001415436,0,100,5.0134,9.3406,2.13805,0,1.8,4.4,5.75,7.9025,11,3.86835,0,4,7,9,12,16,0.115,-0.9,0,2,3.1,5.1,7.1,3.34285,0,3,6.5,8.5,12,16,3.50052,4.76524,3.06018,4.94629,0.4355,0.12495,0.0149,0.11295,0,0,0.396,0,0.8108,0.3627,3.27,0.6883,0.36265,0,0.04115,0,0,0,13.4959
42963235,Eduard Bazardo,P,,SEA,KC,,4000,0,2.13,,2.13,0.5325,0,0,0,100,4.1942,8.2388,2.13009,0,1.8,4.3,5.65,7.75,10.2515,3.80292,0,4,7,9,11,15,0.018856,-0.9,0,2,3.1,4,6.2,3.29784,0,3,6.5,8.5,11,15,3.348,4.55992,2.87987,4.72116,0.44808,0.12688,0.00836,0.0894,0,0,0.34292,0,0.71244,0.33744,3.35152,0.67272,0.319,0,0.03528,0,0,0,13.1172
42963233,Justin Sterner,P,,ATH,CLE,,4000,4.25,2.1,4.25,2.1,0.525,0,0,0,100,4.6124,9.612,2.10213,0,0.9,4.25,5.9,9.55,13.601,3.84455,0,2,7,9,15,21,0.03553,-0.7,0,1.1,2.2,5.1,8.002,4.6545,0,3.5,8.5,11.5,16.5,23,3.86692,5.60689,3.22113,6.44624,0.42915,0.1172,0.0062,0.10085,0,0,0.3786,0,0.71,0.4369,3.3309,0.6534,0.3517,0,0.07505,0,0,0,13.6745
42963201,Andres Munoz,P,,SEA,KC,,4000,0,2.07,,2.07,0.5175,0,0,0,100,4.1942,8.2388,2.06608,0,0,3.65,5.65,9.75,14.2515,3.58648,0,1,6,9,15,22,0.43822,0,0,1.1,2.2,5.3,8.402,4.78894,0,3,8.5,11.5,16.5,23.5,3.71538,5.58128,2.81211,6.27665,0.31604,0.08476,0.00708,0.05772,0,0,0.23972,0,0.66336,0.333,2.59268,0.4656,0.22024,0,0.06768,0,0,0,10.5218
42963131,Chase Silseth,P,,LAA,NYM,,6900,0,2.05,,2.05,0.297101449,0.02,0.003366493,0,100,4.3272,9.3406,2.04811,0,1.65,4.3,5.65,7.8,10.5,3.7855,0,4,7,9,12,16,-0.029905,-0.9,0,2,3.1,4.2,7.1,3.22778,0,3,6.5,8.5,11.5,15.5,3.50201,4.73291,3.06208,4.93116,0.44235,0.12735,0.0113,0.08775,0,0,0.39635,0,0.7821,0.4467,3.37575,0.66875,0.3655,0,0.0352,0,0,0,13.825
42963224,Matt Strahm,P,,KC,SEA,,4000,0,2.04,,2.04,0.51,0,0,0,100,4.0446,8.2388,2.04299,0,1.65,4.25,5.65,7.75,10.4,3.64496,0,3,7,9,12,15,0.138868,-0.9,0,2,3.1,4,7.1,3.17242,0,2.5,6,8,11.5,15,3.33911,4.56926,2.87159,4.71945,0.37492,0.1194,0.01092,0.07936,0,0,0.33592,0,0.75784,0.36048,3.04732,0.5846,0.30976,0,0.02332,0,0,0,12.0505
42963196,Drew Pomeranz,P,,LAA,NYM,,4000,4.25,1.98,4.25,1.98,0.495,0,0,0,100,4.3272,9.3406,1.98347,0,1.65,4.25,5.65,7.75,10.5,3.67155,0,3,7,9,12,16,-0.095085,-0.9,0,2,3.1,4.01,7.1,3.12273,0,3,6.5,8.5,11,15.5,3.47666,4.69402,3.06905,4.89432,0.4712,0.12475,0.0149,0.10455,0,0,0.41215,0,0.7632,0.38225,3.3636,0.7154,0.3795,0,0.03135,0,0,0,13.451
42963123,Grant Taylor,P,,CWS,SD,,6900,0,1.97,,1.97,0.285507246,0.11,0.028355093,0,100,3.8028,8.4594,1.96759,0,0.9,4.25,5.65,7.75,10.5,3.447,0,2,6,9,12,16,0.221208,-0.7,0,1.1,3.1,4.2,7.1,3.03296,0,1.5,6,8.5,11.5,15.5,3.2723,4.58263,2.68454,4.65702,0.39776,0.09564,0.01792,0.05216,0,0,0.27096,0,0.67812,0.2646,2.77264,0.56348,0.25016,0,0.02764,0,0,0,10.9102
42963144,Sean Manaea,P,,NYM,LAA,,6500,0,1.94,,1.94,0.298461538,0.11,0.028355093,0,100,5.0134,9.3406,1.93638,0,1.55,4.25,5.65,7.65,10.2515,3.5486,0,3,6,9,12,15,0.071755,-0.9,0,2,3.1,4.2,7.1,3.04608,0,2.5,6,8,11,15,3.36603,4.57908,2.94167,4.75208,0.3978,0.1062,0.0175,0.0947,0,0,0.36105,0,0.7652,0.38885,3.03245,0.6162,0.33285,0,0.0279,0,0,0,12.8225
42963223,Devin Williams,P,,NYM,LAA,,4000,0,1.93,,1.93,0.4825,0,0,0,100,5.0134,9.3406,1.92517,0,0,3.05,5.5,9.9025,16.051,3.3036,0,0,5,9,16,25,0.547985,0,0,1.1,2.2,5.3,10,4.71233,0,0,9,12,19.5,29.5,3.84669,5.80148,2.75364,7.30734,0.27035,0.07595,0.00865,0.0556,0,0,0.20805,0,0.6867,0.2688,2.2009,0.41055,0.1921,0,0.04255,0,0,0,9.32505
42963186,Nick Mears,P,,KC,SEA,,4000,0,1.92,,1.92,0.48,0.01,0.001415436,0,100,4.0446,8.2388,1.92356,0,1.55,4.25,5.65,7.75,10.5,3.56744,0,3,6,9,12,15.01,-0.075332,-0.9,0,1.1,3.1,4.01,7.1,3.0331,0,2.5,6,8,11.5,15,3.44293,4.68101,2.99751,4.85681,0.43424,0.1352,0.01184,0.07896,0,0,0.38208,0,0.72768,0.40844,3.24588,0.66024,0.35284,0,0.0342,0,0,0,13.0293
42963177,Jordan Leasure,P,,CWS,SD,,4000,4.25,1.86,4.25,1.86,0.465,0,0,0,100,3.8028,8.4594,1.86457,0,1.65,3.8,5.0075,7.0025,9.75,3.43012,0,3,6,8,11,15,-0.100152,-0.9,0,1.1,2.03,4,6,2.92448,0,2.5,6,7.5,10.5,14,3.27352,4.4057,2.89289,4.5997,0.40596,0.11476,0.01868,0.08428,0,0,0.35852,0,0.68576,0.3876,3.16612,0.62368,0.33068,0,0.02496,0,0,0,13.0167
42963221,Jordan Hicks,P,,CWS,SD,,4000,0,1.85,,1.85,0.4625,0,0,0,100,3.8028,8.4594,1.85463,0,1.65,4.25,5.05,7.15,9.75,3.52472,0,3,6,8,11,15,-0.350212,-1.8,0,1.1,2,4,6,2.94038,0,2.5,6,7.5,10.5,14.5,3.38736,4.52791,3.00591,4.74762,0.53576,0.13696,0.0228,0.08152,0,0,0.407,0,0.64996,0.39164,3.57044,0.77704,0.37612,0,0.03848,0,0,0,13.956
42963247,Hunter Gaddis,P,,CLE,ATH,,4000,0,1.77,,1.77,0.4425,0,0,0,100,4.9996,9.612,1.77177,0,1.5,3.8,5.05,7.15,10.25,3.29645,0,3,6,8,11,15,-0.173285,-0.9,0,1.1,2,4,6.2,2.78962,0,2,6,7.5,11,15,3.34461,4.52932,2.95037,4.70958,0.4388,0.1409,0.0057,0.09955,0,0,0.38125,0,0.65835,0.3287,3.1408,0.68495,0.35085,0,0.031,0,0,0,12.1257
42963170,Brooks Raley,P,,NYM,LAA,,4000,5.65,1.71,5.65,1.71,0.4275,0,0,0,100,5.0134,9.3406,1.71007,0,0,3.65,5.15,7.75,10.5,3.05145,0,1,6,8,12,16,0.186965,0,0,1.1,2.2,4.2,7.1,2.66188,0,0.5,5.5,8,11.5,15.005,3.21079,4.52969,2.63664,4.58559,0.31235,0.08995,0.01295,0.06005,0,0,0.27025,0,0.63925,0.30385,2.45455,0.4753,0.24995,0,0.0274,0,0,0,9.929
42963100,Hogan Harris,P,,ATH,CLE,,7000,0,1.69,,1.69,0.241428571,0.07,0.016116205,0,100,4.6124,9.612,1.6929,0,0.9,3.65,5.05,7.65,9.75,3.16815,0,2,6,8,11,15,-0.12826,-0.9,0,1.1,2.2,4,6.2,2.67745,0,1.5,5.5,7.5,11,14.5,3.2684,4.49331,2.80731,4.62283,0.38455,0.11775,0.0083,0.07345,0,0,0.3415,0,0.6231,0.39735,2.9506,0.58405,0.3144,0,0.0344,0,0,0,12.0098
42963104,Kyle Hart,P,,SD,CWS,,7000,0,1.58,,1.58,0.225714286,0.03,0.005588455,0,100,4.6566,8.4594,1.57829,0,0,3.65,5,7.65,10.4,2.80984,0,0,6,8,11,15,0.070108,0,0,1.1,2,4,7.1,2.4447,0,0,5.5,7.5,11,15,3.08542,4.38922,2.51519,4.41566,0.31928,0.09364,0.01308,0.06408,0,0,0.24548,0,0.48212,0.2402,2.39964,0.49008,0.22596,0,0.05376,0,0,0,9.5204
42963183,Cade Smith,P,,CLE,ATH,,4000,0,1.51,,1.51,0.3775,0.01,0.001415436,0,100,4.9996,9.612,1.50979,0,0,2.75,4.3,8.5,13.9,2.68305,0,0,5,7,13.05,21.01,0.201835,0,0,0.2,2,4.2,8.2,4.03503,0,0,7.5,11,17.5,26,3.43462,5.13078,2.56655,6.67331,0.26045,0.1042,0.00525,0.0548,0,0,0.2247,0,0.534,0.24515,2.1034,0.4247,0.20815,0,0.03825,0,0,0,8.5878
42963094,Cooper Criswell,P,,SEA,KC,,7600,0,1.48,,1.48,0.194736842,0.06,0.013291662,0,100,4.1942,8.2388,1.47794,0,0.15,3.15,4.75,7,9.75,2.7266,0,1,6,7,10,14,-0.221336,-0.9,0,0.575,2,4,6,2.30928,0,0.5,5,7,10,14,3.01698,4.19927,2.55696,4.27653,0.40588,0.10756,0.00744,0.08216,0,0,0.29804,0,0.47632,0.2316,2.71124,0.60304,0.27548,0,0.03204,0,0,0,10.2543
42963230,Matt Festa,P,,CLE,ATH,,4000,0,1.46,,1.46,0.365,0,0,0,100,4.9996,9.612,1.45526,0,0,3.5,4.9,7.15,9.8,2.7102,0,1,6,8,11,15,-0.11357,-0.9,0,1.1,2,4,6,2.29505,0,0,5,7,10.5,14.5,3.10647,4.3367,2.62735,4.41265,0.341,0.12,0.00645,0.0726,0,0,0.3005,0,0.5419,0.29025,2.5417,0.54005,0.27585,0,0.0254,0,0,0,9.6992
42963242,Seranthony Dominguez,P,,CWS,SD,,4000,0,1.41,,1.41,0.3525,0,0,0,100,3.8028,8.4594,1.40556,0,0,2.45,4.25,8.4,13.5505,2.55808,0,0,4,7,13,21,0.033532,0,0,0,2,4,8,3.6211,0,0,7,10,16.5,25.5,3.29398,4.92279,2.46572,6.32907,0.28716,0.07008,0.0134,0.05628,0,0,0.22428,0,0.47932,0.2872,2.20816,0.42692,0.20568,0,0.03224,0,0,0,8.87348
42963110,Daniel Lynch IV,P,,KC,SEA,,7000,9,1.41,9,1.41,0.201428571,0.06,0.013291662,0,100,4.0446,8.2388,1.40814,0,0,3.05,4.55,7,9.75,2.61736,0,1,5,7,11,15,-0.17226,-0.9,0,1.1,2,4,6,2.21286,0,0,5,7,10,14,3.07194,4.27757,2.5926,4.35704,0.35236,0.1072,0.01116,0.07264,0,0,0.29988,0,0.5036,0.26564,2.54204,0.54336,0.2768,0,0.02556,0,0,0,9.768
42963210,Adrian Morejon,P,,SD,CWS,,4000,7.3,1.29,7.3,1.29,0.3225,0,0,0,100,4.6566,8.4594,1.28732,0,0,1.85,4.4,7.65,11.15,2.26628,0,0,4,7,12,17,0.128112,0,0,0,1.1,4,7.1,1.98812,0,0,3,6.5,11,16.5,2.96571,4.38279,2.25897,4.29694,0.2584,0.06276,0.00832,0.04016,0,0,0.17568,0,0.40556,0.18668,1.84004,0.36964,0.16244,0,0.03564,0,0,0,6.93004
42963248,Brent Suter,P,,LAA,NYM,,4000,0,1.25,,1.25,0.3125,0,0,0,100,4.3272,9.3406,1.25283,0,0,2.9,4.3,6.5,9,2.4066,0,1,5,7,10,13,-0.319455,-0.9,0,0.2,2,4,6,1.99112,0,0.25,4.5,6.5,9.5,13,2.93001,4.03375,2.54328,4.13656,0.39095,0.1051,0.01145,0.0777,0,0,0.30645,0,0.4586,0.24575,2.5373,0.5852,0.2841,0,0.01985,0,0,0,10.0907
42963249,Bryan Hudson,P,,CWS,SD,,4000,5.05,1.22,5.05,1.22,0.305,0.01,0.001415436,0,100,3.8028,8.4594,1.2185,0,0,2.4,4.25,7,9.75,2.214,0,0,4,7,10,15,0.011592,0,0,0,1.1,4,6,1.90484,0,0,4,6,10,14.005,2.83378,4.05035,2.27279,4.05687,0.2656,0.07384,0.00984,0.04188,0,0,0.2062,0,0.42372,0.22716,1.94092,0.39116,0.19008,0,0.0252,0,0,0,7.82448
42963213,Gabe Speier,P,,SEA,KC,,4000,0,1.21,,1.21,0.3025,0,0,0,100,4.1942,8.2388,1.20855,0,0,1.05,3.8,7.75,11.3,2.0918,0,0,3,7,12,17,0.244912,0,0,0,1.1,4,7.102,1.86044,0,0,2,6,11.5,17,2.89339,4.32585,2.13241,4.21827,0.19412,0.059,0.00492,0.0352,0,0,0.14508,0,0.39968,0.16948,1.53152,0.29324,0.13468,0,0.03284,0,0,0,6.065
42963250,Lucas Erceg,P,,KC,SEA,,4000,0,1.17,,1.17,0.2925,0,0,0,100,4.0446,8.2388,1.16613,0,0,1.65,3.5,7.05,12.5005,2.1698,0,0,3,6,12,20,0.0087,0,0,0,1.1,4,7.3,3.47242,0,0,6.5,9.5,15,24,3.05338,4.55414,2.36508,6.0366,0.26536,0.07644,0.00464,0.04096,0,0,0.20256,0,0.42564,0.2584,1.88756,0.3874,0.18652,0,0.02792,0,0,0,7.65464
42963121,Sean Newcomb,P,,CWS,SD,,6900,0,1.13,,1.13,0.163768116,0.02,0.003366493,0,100,3.8028,8.4594,1.12996,0,0,2.4,4.25,6.5,9.65,2.12872,0,0,4,6,10,14,-0.15932,0,0,0,1.1,4,6,1.78732,0,0,4,6,9.5,14,2.79636,3.96411,2.30933,3.98813,0.31912,0.08112,0.0118,0.04076,0,0,0.2314,0,0.39196,0.23,2.0852,0.4528,0.21436,0,0.025,0,0,0,8.26896
42963101,Luis Medina,P,,ATH,CLE,,7000,0,1.11,,1.11,0.158571429,0.01,0.001415436,0,100,4.6124,9.612,1.1112,0,0,2.45,4.25,6.5,9.2505,2.16905,0,0,5,7,10,14,-0.26941,-0.9,0,0,1.1,4,6,1.7836,0,0,4,6,9.5,14,2.87266,4.03015,2.45586,4.08412,0.2994,0.09455,0.00425,0.06275,0,0,0.27435,0,0.4036,0.30995,2.2535,0.46095,0.2531,0,0.03085,0,0,0,8.94105
42963180,Cole Wilcox,P,,SEA,KC,,4000,1.05,1.11,1.05,1.11,0.2775,0,0,0,100,4.1942,8.2388,1.10731,0,0,2.25,4.25,6.655,9.75,2.04152,0,0,4,6,10,14,-0.03506,0,0,0,1.1,4,6,1.74102,0,0,3,6,10,14,2.73784,3.94829,2.2118,3.93248,0.26436,0.06976,0.00584,0.05036,0,0,0.20472,0,0.3798,0.21068,1.84484,0.39032,0.18816,0,0.03064,0,0,0,7.22008
42963226,Alex Lange,P,,KC,SEA,,4000,0,1.07,,1.07,0.2675,0.01,0.001415436,0,100,4.0446,8.2388,1.0731,0,0,1.65,4.25,7,9.75,2.00636,0,0,4,6,10,14,0.043424,0,0,0,1.1,4,6,1.70724,0,0,3,6,10,14,2.78505,4.03072,2.249,4.01234,0.2118,0.06504,0.00412,0.03712,0,0,0.20172,0,0.43328,0.28016,1.7018,0.31808,0.18596,0,0.0218,0,0,0,7.04132
42963198,Joel Kuhnel,P,,ATH,CLE,,4000,1.65,1.07,1.65,1.07,0.2675,0,0,0,100,4.6124,9.612,1.06899,0,0,2.4,4.065,6.4,9.15,2.05305,0,0,4,6,10,14,-0.354455,-0.9,0,0,1.1,3.1,6,1.69158,0,0,3.5,6,9.5,13.5,2.76934,3.87637,2.38107,3.92835,0.35055,0.1028,0.0042,0.06895,0,0,0.27305,0,0.32585,0.19645,2.2804,0.5265,0.25115,0,0.0367,0,0,0,8.5879
42963246,Nick Sandlin,P,,LAA,NYM,,4000,-3.55,1.05,-3.55,1.05,0.2625,0,0,0,100,4.3272,9.3406,1.05345,0,0,1.65,3.7075,6.7575,9.75,1.91915,0,0,3,6,10,14,0.05775,0,0,0,1.1,4,6,1.6534,0,0,2.5,5.5,10,14,2.69889,3.90309,2.15889,3.8849,0.20895,0.05475,0.00425,0.04765,0,0,0.1914,0,0.4032,0.2159,1.6157,0.3156,0.17665,0,0.02075,0,0,0,6.5609
42963169,Huascar Brazoban,P,,NYM,LAA,,4000,0,1.03,,1.03,0.2575,0,0,0,100,5.0134,9.3406,1.03356,0,0,1.5,3.65,7,9.75,1.85555,0,0,3,6,10,15,0.11514,0,0,0,1.1,4,6.2,1.61435,0,0,2.5,5.5,10,14.5,2.66754,3.88482,2.08625,3.85062,0.2082,0.04775,0.0072,0.04095,0,0,0.16685,0,0.3745,0.1783,1.4857,0.3041,0.15365,0,0.0269,0,0,0,6.04425
42963140,Tobias Myers,P,,NYM,LAA,,6600,0,1,,1,0.151515152,0.01,0.001415436,0,100,5.0134,9.3406,1.00288,0,0,1.8,3.75,6.4,9.75,1.84095,0,0,3,6,10,14,-0.041395,0,0,0,1.1,3.1,6,1.57218,0,0,3,5.5,9.5,14,2.66496,3.83321,2.14281,3.82353,0.24745,0.06535,0.00865,0.05655,0,0,0.20245,0,0.3545,0.15955,1.68245,0.378,0.1868,0,0.02675,0,0,0,6.643
42963188,Tim Herrin,P,,CLE,ATH,,4000,0,0.94,,0.94,0.235,0.01,0.001415436,0,100,4.9996,9.612,0.94137,0,0,1.5125,3.65,6.9,9.75,1.77595,0,0,3,6,10,15,-0.03477,0,0,0,1.1,4,6.2,1.4988,0,0,2.5,5.5,10,14.5,2.71705,3.91076,2.22268,3.90441,0.20905,0.0674,0.0069,0.0387,0,0,0.1977,0,0.36125,0.23225,1.60155,0.32205,0.1824,0,0.0266,0,0,0,6.506
42963216,Sam Bachman,P,,LAA,NYM,,4000,0,0.89,,0.89,0.2225,0.01,0.001415436,0,100,4.3272,9.3406,0.887528,0,0,1.5,3.565,6.25,9,1.6764,0,0,3,6,9.05,14,-0.08904,0,0,0,1.1,3.1,6,1.4091,0,0,2,5,9,13,2.53512,3.64253,2.07565,3.6318,0.23605,0.0626,0.0066,0.0404,0,0,0.18175,0,0.32385,0.18895,1.58675,0.34565,0.1678,0,0.02,0,0,0,6.12505
42963194,Connor Brogdon,P,,CLE,ATH,,4000,0,0.81,,0.81,0.2025,0,0,0,100,4.9996,9.612,0.811855,0,0,0.9,3.05,6.25,9.15,1.53675,0,0,2,5,9,14,-0.112655,0,0,0,1.1,3.1,6,1.28778,0,0,1.5,5,9,13.5,2.54687,3.63132,2.11278,3.64304,0.2032,0.06715,0.00365,0.0564,0,0,0.20115,0,0.3069,0.16755,1.5069,0.3304,0.18455,0,0.0227,0,0,0,6.18155
42963202,John Schreiber,P,,KC,SEA,,4000,0.9,0.7,0.9,0.7,0.175,0,0,0,100,4.0446,8.2388,0.704908,0,0,0,2.15,5.9025,10.5,1.32116,0,0,0,4,9,16,-0.019208,0,0,0,0,3.1,6,1.1188,0,0,0,3.5,9,15.5,2.44379,3.62649,1.86341,3.54806,0.16264,0.04832,0.00272,0.032,0,0,0.13304,0,0.25764,0.15904,1.18208,0.24568,0.12408,0,0.01948,0,0,0,4.8104
42963141,Jonah Tong,P,,NYM,LAA,,6600,0,0,,0,0,0,0,0,100,5.0134,9.3406,,,,,,,,,,,,,,,,,,,,,,,,,,,,,,,,,,,,,,,,,,,,NaN,,,,,,,
42963206,Andrew Walters,P,,CLE,ATH,IL,4000,0,0,,0,0,0,0,0,100,4.9996,9.612,,,,,,,,,,,,,,,,,,,,,,,,,,,,,,,,,,,,,,,,,,,,NaN,,,,,,,
42962905,Shea Langeliers,C,,ATH,CLE,DTD,5600,0,0,,0,0,0,0,0,100,4.6124,9.612,,,,,,,,,,,,,,,,,,,,,,,,,,,,,,,,,,,,,,,,,,,,NaN,,,,,,,
42963165,Austin Peterson,P,,CLE,ATH,IL,4000,0,0,,0,0,0,0,0,100,4.9996,9.612,,,,,,,,,,,,,,,,,,,,,,,,,,,,,,,,,,,,,,,,,,,,NaN,,,,,,,
42963071,Bryan Woo,P,,SEA,KC,,9400,0,0,,0,0,0,0,0,100,4.1942,8.2388,,,,,,,,,,,,,,,,,,,,,,,,,,,,,,,,,,,,,,,,,,,,NaN,,,,,,,
42963241,Austin Warren,P,,NYM,LAA,,4000,0,0,,0,0,0,0,0,100,5.0134,9.3406,,,,,,,,,,,,,,,,,,,,,,,,,,,,,,,,,,,,,,,,,,,,NaN,,,,,,,
42963139,Sam Aldegheri,P,,LAA,NYM,,6700,0,0,,0,0,0,0,0,100,4.3272,9.3406,,,,,,,,,,,,,,,,,,,,,,,,,,,,,,,,,,,,,,,,,,,,NaN,,,,,,,
42963111,Stephen Kolek,P,,KC,SEA,IL,7000,0,0,,0,0,0,0,0,100,4.0446,8.2388,,,,,,,,,,,,,,,,,,,,,,,,,,,,,,,,,,,,,,,,,,,,NaN,,,,,,,
42963134,Tylor Megill,P,,NYM,LAA,IL,6800,0,0,,0,0,0,0,0,100,5.0134,9.3406,,,,,,,,,,,,,,,,,,,,,,,,,,,,,,,,,,,,,,,,,,,,NaN,,,,,,,
42962907,Cal Raleigh,C,,SEA,KC,DTD,5400,0,0,,0,0,0,0,0,100,4.1942,8.2388,,,,,,,,,,,,,,,,,,,,,,,,,,,,,,,,,,,,,,,,,,,,NaN,,,,,,,
42963239,Brady Basso,P,,ATH,CLE,,4000,0,0,,0,0,0,0,0,100,4.6124,9.612,,,,,,,,,,,,,,,,,,,,,,,,,,,,,,,,,,,,,,,,,,,,NaN,,,,,,,
42963014,Elias Diaz,C,,KC,SEA,,2000,0,0,,0,0,0,0,0,100,4.0446,8.2388,,,,,,,,,,,,,,,,,,,,,,,,,,,,,,,,,,,,,,,,,,,,NaN,,,,,,,
42963082,Gavin Williams,P,,CLE,ATH,,8400,0,0,,0,0,0,0,0,100,4.9996,9.612,,,,,,,,,,,,,,,,,,,,,,,,,,,,,,,,,,,,,,,,,,,,NaN,,,,,,,
42963089,JP Sears,P,,SD,CWS,,7700,0,0,,0,0,0,0,0,100,4.6566,8.4594,,,,,,,,,,,,,,,,,,,,,,,,,,,,,,,,,,,,,,,,,,,,NaN,,,,,,,
42962936,Carlos Cortes,OF,,ATH,CLE,,3600,0,0,,0,0,0,0,0,100,4.6124,9.612,,,,,,,,,,,,,,,,,,,,,,,,,,,,,,,,,,,,,,,,,,,,NaN,,,,,,,
42963129,Alek Manoah,P,,LAA,NYM,IL,6900,0,0,,0,0,0,0,0,100,4.3272,9.3406,,,,,,,,,,,,,,,,,,,,,,,,,,,,,,,,,,,,,,,,,,,,NaN,,,,,,,
42963062,Kyren Paris,OF,,LAA,NYM,,2000,0,0,,0,0,0,0,0,100,4.3272,9.3406,,,,,,,,,,,,,,,,,,,,,,,,,,,,,,,,,,,,,,,,,,,,NaN,,,,,,,
42963124,Yusei Kikuchi,P,,LAA,NYM,IL,6900,0,0,,0,0,0,0,0,100,4.3272,9.3406,,,,,,,,,,,,,,,,,,,,,,,,,,,,,,,,,,,,,,,,,,,,NaN,,,,,,,
42963157,Yorman Gomez,P,,CLE,ATH,IL,4000,0,0,,0,0,0,0,0,100,4.9996,9.612,,,,,,,,,,,,,,,,,,,,,,,,,,,,,,,,,,,,,,,,,,,,NaN,,,,,,,
42963154,Daniel Espino,P,,CLE,ATH,,4000,0,0,,0,0,0,0,0,100,4.9996,9.612,,,,,,,,,,,,,,,,,,,,,,,,,,,,,,,,,,,,,,,,,,,,NaN,,,,,,,
42963148,Ben Kudrna,P,,KC,SEA,IL,4000,0,0,,0,0,0,0,0,100,4.0446,8.2388,,,,,,,,,,,,,,,,,,,,,,,,,,,,,,,,,,,,,,,,,,,,NaN,,,,,,,
42963109,Bailey Falter,P,,KC,SEA,IL,7000,0,0,,0,0,0,0,0,100,4.0446,8.2388,,,,,,,,,,,,,,,,,,,,,,,,,,,,,,,,,,,,,,,,,,,,NaN,,,,,,,
42963075,Nick Pivetta,P,,SD,CWS,IL,9100,0,0,,0,0,0,0,0,100,4.6566,8.4594,,,,,,,,,,,,,,,,,,,,,,,,,,,,,,,,,,,,,,,,,,,,NaN,,,,,,,
42963191,Michael Kelly,P,,ATH,CLE,,4000,0,0,,0,0,0,0,0,100,4.6124,9.612,,,,,,,,,,,,,,,,,,,,,,,,,,,,,,,,,,,,,,,,,,,,NaN,,,,,,,
42963055,Kahlil Watson,SS,,CLE,ATH,,2000,0,0,,0,0,0,0,0,100,4.9996,9.612,,,,,,,,,,,,,,,,,,,,,,,,,,,,,,,,,,,,,,,,,,,,NaN,,,,,,,
42962986,Derek Hill,OF,,CWS,SD,,2500,16,0,16,0,0,0,0,0,100,3.8028,8.4594,,,,,,,,,,,,,,,,,,,,,,,,,,,,,,,,,,,,,,,,,,,,NaN,,,,,,,
42963003,Brett Harris,3B,,ATH,CLE,,2300,0,0,,0,0,0,0,0,100,4.6124,9.612,,,,,,,,,,,,,,,,,,,,,,,,,,,,,,,,,,,,,,,,,,,,NaN,,,,,,,
42963189,Mason Barnett,P,,ATH,CLE,,4000,0,0,,0,0,0,0,0,100,4.6124,9.612,,,,,,,,,,,,,,,,,,,,,,,,,,,,,,,,,,,,,,,,,,,,NaN,,,,,,,
42963087,Kodai Senga,P,,NYM,LAA,IL,7800,0,0,,0,0,0,0,0,100,5.0134,9.3406,,,,,,,,,,,,,,,,,,,,,,,,,,,,,,,,,,,,,,,,,,,,NaN,,,,,,,
42963164,Braden Nett,P,,ATH,CLE,,4000,0,0,,0,0,0,0,0,100,4.6124,9.612,,,,,,,,,,,,,,,,,,,,,,,,,,,,,,,,,,,,,,,,,,,,NaN,,,,,,,
42963091,Davis Martin,P,,CWS,SD,,7700,0,0,,0,0,0,0,0,100,3.8028,8.4594,,,,,,,,,,,,,,,,,,,,,,,,,,,,,,,,,,,,,,,,,,,,NaN,,,,,,,
42963084,Tanner Bibee,P,,CLE,ATH,,8200,0,0,,0,0,0,0,0,100,4.9996,9.612,,,,,,,,,,,,,,,,,,,,,,,,,,,,,,,,,,,,,,,,,,,,NaN,,,,,,,
42963070,Seth Lugo,P,,KC,SEA,,9500,0,0,,0,0,0,0,0,100,4.0446,8.2388,,,,,,,,,,,,,,,,,,,,,,,,,,,,,,,,,,,,,,,,,,,,NaN,,,,,,,
42963209,A.J. Minter,P,,NYM,LAA,IL,4000,0,0,,0,0,0,0,0,100,5.0134,9.3406,,,,,,,,,,,,,,,,,,,,,,,,,,,,,,,,,,,,,,,,,,,,NaN,,,,,,,
42963107,Luinder Avila,P,,KC,SEA,,7000,0,0,,0,0,0,0,0,100,4.0446,8.2388,,,,,,,,,,,,,,,,,,,,,,,,,,,,,,,,,,,,,,,,,,,,NaN,,,,,,,
42963187,Duncan Davitt,P,,CWS,SD,,4000,0,0,,0,0,0,0,0,100,3.8028,8.4594,,,,,,,,,,,,,,,,,,,,,,,,,,,,,,,,,,,,,,,,,,,,NaN,,,,,,,
42963008,Mitch Garver,C,,SEA,KC,,2200,0,0,,0,0,0,0,0,100,4.1942,8.2388,,,,,,,,,,,,,,,,,,,,,,,,,,,,,,,,,,,,,,,,,,,,NaN,,,,,,,
42963105,Alec Marsh,P,,KC,SEA,IL,7000,0,0,,0,0,0,0,0,100,4.0446,8.2388,,,,,,,,,,,,,,,,,,,,,,,,,,,,,,,,,,,,,,,,,,,,NaN,,,,,,,
42963059,Nick Morabito,2B/OF,,NYM,LAA,,2000,0,0,,0,0,0,0,0,100,5.0134,9.3406,,,,,,,,,,,,,,,,,,,,,,,,,,,,,,,,,,,,,,,,,,,,NaN,,,,,,,
42963043,John Rave,OF,,KC,SEA,,2300,0,0,,0,0,0,0,0,100,4.0446,8.2388,,,,,,,,,,,,,,,,,,,,,,,,,,,,,,,,,,,,,,,,,,,,NaN,,,,,,,
42963029,Kyle Teel,C,,CWS,SD,IL,3200,0,0,,0,0,0,0,0,100,3.8028,8.4594,,,,,,,,,,,,,,,,,,,,,,,,,,,,,,,,,,,,,,,,,,,,NaN,,,,,,,
42963243,Tyler Gilbert,P,,CWS,SD,,4000,0,0,,0,0,0,0,0,100,3.8028,8.4594,,,,,,,,,,,,,,,,,,,,,,,,,,,,,,,,,,,,,,,,,,,,NaN,,,,,,,
42962954,Yoan Moncada,3B,,LAA,NYM,,3100,0,0,0,0,0,0,0,0,100,4.3272,9.3406,,,,,,,,,,,,,,,,,,,,,,,,,,,,,,,,,,,,,,,,,,,,NaN,,,,,,,
42963088,Jeffrey Springs,P,,ATH,CLE,,7700,0,0,,0,0,0,0,0,100,4.6124,9.612,,,,,,,,,,,,,,,,,,,,,,,,,,,,,,,,,,,,,,,,,,,,NaN,,,,,,,
42963151,Henry Baez,P,,ATH,CLE,IL,4000,0,0,,0,0,0,0,0,100,4.6124,9.612,,,,,,,,,,,,,,,,,,,,,,,,,,,,,,,,,,,,,,,,,,,,NaN,,,,,,,
42963012,Lane Thomas,OF,,KC,SEA,,2100,0,0,,0,0,0,0,0,100,4.0446,8.2388,,,,,,,,,,,,,,,,,,,,,,,,,,,,,,,,,,,,,,,,,,,,NaN,,,,,,,
42962931,Francisco Alvarez,C,,NYM,LAA,,3800,0,0,,0,0,0,0,0,100,5.0134,9.3406,,,,,,,,,,,,,,,,,,,,,,,,,,,,,,,,,,,,,,,,,,,,NaN,,,,,,,
42963050,Eric Wagaman,1B,,NYM,LAA,,2100,0,0,,0,0,0,0,0,100,5.0134,9.3406,,,,,,,,,,,,,,,,,,,,,,,,,,,,,,,,,,,,,,,,,,,,NaN,,,,,,,
42963155,Prelander Berroa,P,,CWS,SD,IL,4000,0,0,,0,0,0,0,0,100,3.8028,8.4594,,,,,,,,,,,,,,,,,,,,,,,,,,,,,,,,,,,,,,,,,,,,NaN,,,,,,,
42963086,Joe Musgrove,P,,SD,CWS,IL,7900,0,0,,0,0,0,0,0,100,4.6566,8.4594,,,,,,,,,,,,,,,,,,,,,,,,,,,,,,,,,,,,,,,,,,,,NaN,,,,,,,
42963192,Yuki Matsui,P,,SD,CWS,IL,4000,0,0,,0,0,0,0,0,100,4.6566,8.4594,,,,,,,,,,,,,,,,,,,,,,,,,,,,,,,,,,,,,,,,,,,,NaN,,,,,,,
42963163,Domingo Gonzalez,P,,SEA,KC,,4000,0,0,,0,0,0,0,0,100,4.1942,8.2388,,,,,,,,,,,,,,,,,,,,,,,,,,,,,,,,,,,,,,,,,,,,NaN,,,,,,,
42963156,Tyler Schweitzer,P,,CWS,SD,,4000,0,0,,0,0,0,0,0,100,3.8028,8.4594,,,,,,,,,,,,,,,,,,,,,,,,,,,,,,,,,,,,,,,,,,,,NaN,,,,,,,
42963026,Jonathan India,2B,,KC,SEA,IL,3300,0,0,,0,0,0,0,0,100,4.0446,8.2388,,,,,,,,,,,,,,,,,,,,,,,,,,,,,,,,,,,,,,,,,,,,NaN,,,,,,,
42962996,Austin Slater,OF,,NYM,LAA,,2300,0,0,0,0,0,0,0,0,100,5.0134,9.3406,,,,,,,,,,,,,,,,,,,,,,,,,,,,,,,,,,,,,,,,,,,,NaN,,,,,,,
42963116,Gunnar Hoglund,P,,ATH,CLE,IL,6900,0,0,,0,0,0,0,0,100,4.6124,9.612,,,,,,,,,,,,,,,,,,,,,,,,,,,,,,,,,,,,,,,,,,,,NaN,,,,,,,
42963245,Tyler Davis,P,,CWS,SD,,4000,-0.35,0,-0.35,0,0,0,0,0,100,3.8028,8.4594,,,,,,,,,,,,,,,,,,,,,,,,,,,,,,,,,,,,,,,,,,,,NaN,,,,,,,
42963175,Matt Brash,P,,SEA,KC,IL,4000,0,0,,0,0,0,0,0,100,4.1942,8.2388,,,,,,,,,,,,,,,,,,,,,,,,,,,,,,,,,,,,,,,,,,,,NaN,,,,,,,
42963099,Joey Estes,P,,ATH,CLE,,7000,0,0,,0,0,0,0,0,100,4.6124,9.612,,,,,,,,,,,,,,,,,,,,,,,,,,,,,,,,,,,,,,,,,,,,NaN,,,,,,,
42963171,Alex Carrillo,P,,NYM,LAA,,4000,0,0,,0,0,0,0,0,100,5.0134,9.3406,,,,,,,,,,,,,,,,,,,,,,,,,,,,,,,,,,,,,,,,,,,,NaN,,,,,,,
42963215,Ben Joyce,P,,LAA,NYM,IL,4000,0,0,,0,0,0,0,0,100,4.3272,9.3406,,,,,,,,,,,,,,,,,,,,,,,,,,,,,,,,,,,,,,,,,,,,NaN,,,,,,,
42963182,Carlos Estevez,P,,KC,SEA,IL,4000,0,0,,0,0,0,0,0,100,4.0446,8.2388,,,,,,,,,,,,,,,,,,,,,,,,,,,,,,,,,,,,,,,,,,,,NaN,,,,,,,
42963159,Garrett Hawkins,P,,SD,CWS,,4000,0,0,,0,0,0,0,0,100,4.6566,8.4594,,,,,,,,,,,,,,,,,,,,,,,,,,,,,,,,,,,,,,,,,,,,NaN,,,,,,,
42962970,Nick Loftin,2B/OF,,KC,SEA,,2800,0,0,,0,0,0,0,0,100,4.0446,8.2388,,,,,,,,,,,,,,,,,,,,,,,,,,,,,,,,,,,,,,,,,,,,NaN,,,,,,,
42963095,Logan Allen,P,,CLE,ATH,,7600,0,0,,0,0,0,0,0,100,4.9996,9.612,,,,,,,,,,,,,,,,,,,,,,,,,,,,,,,,,,,,,,,,,,,,NaN,,,,,,,
42963225,Jose Fermin,P,,LAA,NYM,,4000,0,0,,0,0,0,0,0,100,4.3272,9.3406,,,,,,,,,,,,,,,,,,,,,,,,,,,,,,,,,,,,,,,,,,,,NaN,,,,,,,
42963072,Logan Gilbert,P,,SEA,KC,,9200,0,0,,0,0,0,0,0,100,4.1942,8.2388,,,,,,,,,,,,,,,,,,,,,,,,,,,,,,,,,,,,,,,,,,,,NaN,,,,,,,
42963033,Jared Young,1B/OF,,NYM,LAA,IL,2600,0,0,,0,0,0,0,0,100,5.0134,9.3406,,,,,,,,,,,,,,,,,,,,,,,,,,,,,,,,,,,,,,,,,,,,NaN,,,,,,,
42963051,Mason McCoy,2B/SS,,SD,CWS,,2000,0,0,,0,0,0,0,0,100,4.6566,8.4594,,,,,,,,,,,,,,,,,,,,,,,,,,,,,,,,,,,,,,,,,,,,NaN,,,,,,,
42963024,Jorge Polanco,2B/3B,,NYM,LAA,IL,3600,0,0,,0,0,0,0,0,100,5.0134,9.3406,,,,,,,,,,,,,,,,,,,,,,,,,,,,,,,,,,,,,,,,,,,,NaN,,,,,,,
42963022,Brendan Donovan,3B,,SEA,KC,IL,3700,0,0,,0,0,0,0,0,100,4.1942,8.2388,,,,,,,,,,,,,,,,,,,,,,,,,,,,,,,,,,,,,,,,,,,,NaN,,,,,,,
42963114,Luis Morales,P,,ATH,CLE,,6900,0,0,,0,0,0,0,0,100,4.6124,9.612,,,,,,,,,,,,,,,,,,,,,,,,,,,,,,,,,,,,,,,,,,,,NaN,,,,,,,
42962943,Lawrence Butler,OF,,ATH,CLE,,3400,0,0,0,0,0,0,0,0,100,4.6124,9.612,,,,,,,,,,,,,,,,,,,,,,,,,,,,,,,,,,,,,,,,,,,,NaN,,,,,,,
42963130,Mitch Farris,P,,LAA,NYM,,6900,0,0,,0,0,0,0,0,100,4.3272,9.3406,,,,,,,,,,,,,,,,,,,,,,,,,,,,,,,,,,,,,,,,,,,,NaN,,,,,,,
42963143,Christian Scott,P,,NYM,LAA,,6600,0,0,,0,0,0,0,0,100,5.0134,9.3406,,,,,,,,,,,,,,,,,,,,,,,,,,,,,,,,,,,,,,,,,,,,NaN,,,,,,,
42963135,Walbert Urena,P,,LAA,NYM,DTD,6700,0,0,,0,0,0,0,0,100,4.3272,9.3406,,,,,,,,,,,,,,,,,,,,,,,,,,,,,,,,,,,,,,,,,,,,NaN,,,,,,,
42963136,Caden Dana,P,,LAA,NYM,,6700,0,0,,0,0,0,0,0,100,4.3272,9.3406,,,,,,,,,,,,,,,,,,,,,,,,,,,,,,,,,,,,,,,,,,,,NaN,,,,,,,
42963039,Christian Moore,2B,,LAA,NYM,,2400,0,0,,0,0,0,0,0,100,4.3272,9.3406,,,,,,,,,,,,,,,,,,,,,,,,,,,,,,,,,,,,,,,,,,,,NaN,,,,,,,
42963122,Mike Vasil,P,,CWS,SD,IL,6900,0,0,,0,0,0,0,0,100,3.8028,8.4594,,,,,,,,,,,,,,,,,,,,,,,,,,,,,,,,,,,,,,,,,,,,NaN,,,,,,,
42963168,Justin Hagenman,P,,NYM,LAA,IL,4000,0,0,,0,0,0,0,0,100,5.0134,9.3406,,,,,,,,,,,,,,,,,,,,,,,,,,,,,,,,,,,,,,,,,,,,NaN,,,,,,,
42963138,George Klassen,P,,LAA,NYM,,6700,0,0,,0,0,0,0,0,100,4.3272,9.3406,,,,,,,,,,,,,,,,,,,,,,,,,,,,,,,,,,,,,,,,,,,,NaN,,,,,,,
42963240,Ron Marinaccio,P,,SD,CWS,,4000,0,0,,0,0,0,0,0,100,4.6566,8.4594,,,,,,,,,,,,,,,,,,,,,,,,,,,,,,,,,,,,,,,,,,,,NaN,,,,,,,
42963076,Cole Ragans,P,,KC,SEA,,8900,0,0,,0,0,0,0,0,100,4.0446,8.2388,,,,,,,,,,,,,,,,,,,,,,,,,,,,,,,,,,,,,,,,,,,,NaN,,,,,,,
42963106,Mason Black,P,,KC,SEA,,7000,0,0,,0,0,0,0,0,100,4.0446,8.2388,,,,,,,,,,,,,,,,,,,,,,,,,,,,,,,,,,,,,,,,,,,,NaN,,,,,,,
42963227,Dedniel Nunez,P,,NYM,LAA,IL,4000,0,0,,0,0,0,0,0,100,5.0134,9.3406,,,,,,,,,,,,,,,,,,,,,,,,,,,,,,,,,,,,,,,,,,,,NaN,,,,,,,
42963185,Troy Taylor,P,,SEA,KC,,4000,0,0,,0,0,0,0,0,100,4.1942,8.2388,,,,,,,,,,,,,,,,,,,,,,,,,,,,,,,,,,,,,,,,,,,,NaN,,,,,,,
42963053,Anthony Rendon,2B/3B,,LAA,NYM,IL,2000,0,0,,0,0,0,0,0,100,4.3272,9.3406,,,,,,,,,,,,,,,,,,,,,,,,,,,,,,,,,,,,,,,,,,,,NaN,,,,,,,
42963150,Tanner McDougal,P,,CWS,SD,IL,4000,0,0,,0,0,0,0,0,100,3.8028,8.4594,,,,,,,,,,,,,,,,,,,,,,,,,,,,,,,,,,,,,,,,,,,,NaN,,,,,,,
42963172,Kirby Yates,P,,LAA,NYM,IL,4000,0,0,,0,0,0,0,0,100,4.3272,9.3406,,,,,,,,,,,,,,,,,,,,,,,,,,,,,,,,,,,,,,,,,,,,NaN,,,,,,,
42962978,Rhys Hoskins,1B,,CLE,ATH,,2700,0,0,,0,0,0,0,0,100,4.9996,9.612,,,,,,,,,,,,,,,,,,,,,,,,,,,,,,,,,,,,,,,,,,,,NaN,,,,,,,
42962909,Fernando Tatis Jr.,2B/OF,,SD,CWS,,5200,0,0,,0,0,0,0,0,100,4.6566,8.4594,,,,,,,,,,,,,,,,,,,,,,,,,,,,,,,,,,,,,,,,,,,,NaN,,,,,,,
42962896,Randy Vasquez,P,,SD,CWS,,7500,0,0,,0,0,0,0,0,100,4.6566,8.4594,,,,,,,,,,,,,,,,,,,,,,,,,,,,,,,,,,,,,,,,,,,,NaN,,,,,,,
42963061,Angel Genao,SS,,CLE,ATH,,2000,0,0,,0,0,0,0,0,100,4.9996,9.612,,,,,,,,,,,,,,,,,,,,,,,,,,,,,,,,,,,,,,,,,,,,NaN,,,,,,,
42963181,Tyler Ferguson,P,,ATH,CLE,,4000,0,0,,0,0,0,0,0,100,4.6124,9.612,,,,,,,,,,,,,,,,,,,,,,,,,,,,,,,,,,,,,,,,,,,,NaN,,,,,,,
42963092,Grayson Rodriguez,P,,LAA,NYM,IL,7700,0,0,,0,0,0,0,0,100,4.3272,9.3406,,,,,,,,,,,,,,,,,,,,,,,,,,,,,,,,,,,,,,,,,,,,NaN,,,,,,,
42963149,Jonathan Pintaro,P,,NYM,LAA,,4000,0,0,,0,0,0,0,0,100,5.0134,9.3406,,,,,,,,,,,,,,,,,,,,,,,,,,,,,,,,,,,,,,,,,,,,NaN,,,,,,,
42963020,Luis Robert Jr.,OF,,NYM,LAA,IL,4100,0,0,,0,0,0,0,0,100,5.0134,9.3406,,,,,,,,,,,,,,,,,,,,,,,,,,,,,,,,,,,,,,,,,,,,NaN,,,,,,,
42963028,Colt Emerson,SS,,SEA,KC,,3200,0,0,,0,0,0,0,0,100,4.1942,8.2388,,,,,,,,,,,,,,,,,,,,,,,,,,,,,,,,,,,,,,,,,,,,NaN,,,,,,,
42963016,Bryce Teodosio,OF,,LAA,NYM,,2000,0,0,,0,0,0,0,0,100,4.3272,9.3406,,,,,,,,,,,,,,,,,,,,,,,,,,,,,,,,,,,,,,,,,,,,NaN,,,,,,,
42963056,Junior Perez,OF,,ATH,CLE,,2000,0,0,,0,0,0,0,0,100,4.6124,9.612,,,,,,,,,,,,,,,,,,,,,,,,,,,,,,,,,,,,,,,,,,,,NaN,,,,,,,
42963176,Eli Morgan,P,,KC,SEA,,4000,0,0,,0,0,0,0,0,100,4.0446,8.2388,,,,,,,,,,,,,,,,,,,,,,,,,,,,,,,,,,,,,,,,,,,,NaN,,,,,,,
42962949,Dominic Canzone,OF,,SEA,KC,,3200,2,0,2,0,0,0,0,0,100,4.1942,8.2388,,,,,,,,,,,,,,,,,,,,,,,,,,,,,,,,,,,,,,,,,,,,NaN,,,,,,,
42963115,German Marquez,P,,SD,CWS,IL,6900,0,0,,0,0,0,0,0,100,4.6566,8.4594,,,,,,,,,,,,,,,,,,,,,,,,,,,,,,,,,,,,,,,,,,,,NaN,,,,,,,
42963063,Denzer Guzman,SS,,LAA,NYM,,2000,0,0,,0,0,0,0,0,100,4.3272,9.3406,,,,,,,,,,,,,,,,,,,,,,,,,,,,,,,,,,,,,,,,,,,,NaN,,,,,,,
42962997,Bryce Johnson,OF,,SD,CWS,,2300,0,0,0,0,0,0,0,0,100,4.6566,8.4594,,,,,,,,,,,,,,,,,,,,,,,,,,,,,,,,,,,,,,,,,,,,NaN,,,,,,,
42963068,Miles Mastrobuoni,3B,,SEA,KC,IL,2000,0,0,,0,0,0,0,0,100,4.1942,8.2388,,,,,,,,,,,,,,,,,,,,,,,,,,,,,,,,,,,,,,,,,,,,NaN,,,,,,,
42963067,Matthew Lugo,OF,,LAA,NYM,,2000,0,0,,0,0,0,0,0,100,4.3272,9.3406,,,,,,,,,,,,,,,,,,,,,,,,,,,,,,,,,,,,,,,,,,,,NaN,,,,,,,
42963045,Rhylan Thomas,OF,,SEA,KC,,2200,0,0,,0,0,0,0,0,100,4.1942,8.2388,,,,,,,,,,,,,,,,,,,,,,,,,,,,,,,,,,,,,,,,,,,,NaN,,,,,,,
42963146,Miguel Mendez,P,,SD,CWS,,4000,0,0,,0,0,0,0,0,100,4.6566,8.4594,,,,,,,,,,,,,,,,,,,,,,,,,,,,,,,,,,,,,,,,,,,,NaN,,,,,,,
42963069,Nolan McLean,P,,NYM,LAA,,10600,0,0,,0,0,0,0,0,100,5.0134,9.3406,,,,,,,,,,,,,,,,,,,,,,,,,,,,,,,,,,,,,,,,,,,,NaN,,,,,,,
42963218,Josh Simpson,P,,SEA,KC,,4000,0,0,,0,0,0,0,0,100,4.1942,8.2388,,,,,,,,,,,,,,,,,,,,,,,,,,,,,,,,,,,,,,,,,,,,NaN,,,,,,,
42963152,Eric Cerantola,P,,KC,SEA,,4000,0,0,,0,0,0,0,0,100,4.0446,8.2388,,,,,,,,,,,,,,,,,,,,,,,,,,,,,,,,,,,,,,,,,,,,NaN,,,,,,,
42963021,Max Muncy,3B,,ATH,CLE,IL,3800,0,0,,0,0,0,0,0,100,4.6124,9.612,,,,,,,,,,,,,,,,,,,,,,,,,,,,,,,,,,,,,,,,,,,,NaN,,,,,,,
42963000,Bo Naylor,C,,CLE,ATH,,2300,2,0,2,0,0,0,0,0,100,4.9996,9.612,,,,,,,,,,,,,,,,,,,,,,,,,,,,,,,,,,,,,,,,,,,,NaN,,,,,,,
42963204,Wikelman Gonzalez,P,,CWS,SD,IL,4000,0,0,,0,0,0,0,0,100,3.8028,8.4594,,,,,,,,,,,,,,,,,,,,,,,,,,,,,,,,,,,,,,,,,,,,NaN,,,,,,,
42963098,Joey Cantillo,P,,CLE,ATH,,7500,0,0,,0,0,0,0,0,100,4.9996,9.612,,,,,,,,,,,,,,,,,,,,,,,,,,,,,,,,,,,,,,,,,,,,NaN,,,,,,,
42962913,Miguel Vargas,3B,,CWS,SD,,4900,3,0,3,0,0,0,0,0,100,3.8028,8.4594,,,,,,,,,,,,,,,,,,,,,,,,,,,,,,,,,,,,,,,,,,,,NaN,,,,,,,
42963077,Jose Soriano,P,,LAA,NYM,,8800,0,0,,0,0,0,0,0,100,4.3272,9.3406,,,,,,,,,,,,,,,,,,,,,,,,,,,,,,,,,,,,,,,,,,,,NaN,,,,,,,
42963219,Elvis Alvarado,P,,ATH,CLE,,4000,0,0,,0,0,0,0,0,100,4.6124,9.612,,,,,,,,,,,,,,,,,,,,,,,,,,,,,,,,,,,,,,,,,,,,NaN,,,,,,,
42963142,Jacob Lopez,P,,ATH,CLE,,6600,0,0,,0,0,0,0,0,100,4.6124,9.612,,,,,,,,,,,,,,,,,,,,,,,,,,,,,,,,,,,,,,,,,,,,NaN,,,,,,,
42963166,Chen Zhong-Ao Zhuang,P,,ATH,CLE,,4000,0,0,,0,0,0,0,0,100,4.6124,9.612,,,,,,,,,,,,,,,,,,,,,,,,,,,,,,,,,,,,,,,,,,,,NaN,,,,,,,
42963128,Slade Cecconi,P,,CLE,ATH,,6900,0,0,,0,0,0,0,0,100,4.9996,9.612,,,,,,,,,,,,,,,,,,,,,,,,,,,,,,,,,,,,,,,,,,,,NaN,,,,,,,
42963074,Freddy Peralta,P,,NYM,LAA,,9200,0,0,,0,0,0,0,0,100,5.0134,9.3406,,,,,,,,,,,,,,,,,,,,,,,,,,,,,,,,,,,,,,,,,,,,NaN,,,,,,,
42963035,Gabriel Arias,SS,,CLE,ATH,IL,2600,0,0,,0,0,0,0,0,100,4.9996,9.612,,,,,,,,,,,,,,,,,,,,,,,,,,,,,,,,,,,,,,,,,,,,NaN,,,,,,,
42963112,Ryan Bergert,P,,KC,SEA,IL,7000,0,0,,0,0,0,0,0,100,4.0446,8.2388,,,,,,,,,,,,,,,,,,,,,,,,,,,,,,,,,,,,,,,,,,,,NaN,,,,,,,
42963042,Juan Brito,2B,,CLE,ATH,,2400,0,0,,0,0,0,0,0,100,4.9996,9.612,,,,,,,,,,,,,,,,,,,,,,,,,,,,,,,,,,,,,,,,,,,,NaN,,,,,,,
42963193,Eduarniel Nunez,P,,ATH,CLE,,4000,0,0,,0,0,0,0,0,100,4.6124,9.612,,,,,,,,,,,,,,,,,,,,,,,,,,,,,,,,,,,,,,,,,,,,NaN,,,,,,,
42962979,Edgar Quero,C,,CWS,SD,,2600,0,0,0,0,0,0,0,0,100,3.8028,8.4594,,,,,,,,,,,,,,,,,,,,,,,,,,,,,,,,,,,,,,,,,,,,NaN,,,,,,,
42963097,Bryce Miller,P,,SEA,KC,IL,7500,0,0,,0,0,0,0,0,100,4.1942,8.2388,,,,,,,,,,,,,,,,,,,,,,,,,,,,,,,,,,,,,,,,,,,,NaN,,,,,,,
42963064,Ryan Bliss,2B,,SEA,KC,,2000,0,0,,0,0,0,0,0,100,4.1942,8.2388,,,,,,,,,,,,,,,,,,,,,,,,,,,,,,,,,,,,,,,,,,,,NaN,,,,,,,
42963038,Sung-Mun Song,3B,,SD,CWS,,2500,0,0,,0,0,0,0,0,100,4.6566,8.4594,,,,,,,,,,,,,,,,,,,,,,,,,,,,,,,,,,,,,,,,,,,,NaN,,,,,,,
42963179,David Morgan,P,,SD,CWS,,4000,0,0,,0,0,0,0,0,100,4.6566,8.4594,,,,,,,,,,,,,,,,,,,,,,,,,,,,,,,,,,,,,,,,,,,,NaN,,,,,,,
42963158,Dylan Ross,P,,NYM,LAA,IL,4000,0,0,,0,0,0,0,0,100,5.0134,9.3406,,,,,,,,,,,,,,,,,,,,,,,,,,,,,,,,,,,,,,,,,,,,NaN,,,,,,,
42963081,Noah Schultz,P,,CWS,SD,,8500,0,0,,0,0,0,0,0,100,3.8028,8.4594,,,,,,,,,,,,,,,,,,,,,,,,,,,,,,,,,,,,,,,,,,,,NaN,,,,,,,
42962941,Gavin Sheets,1B,,SD,CWS,,3400,0,0,0,0,0,0,0,0,100,4.6566,8.4594,,,,,,,,,,,,,,,,,,,,,,,,,,,,,,,,,,,,,,,,,,,,NaN,,,,,,,
42963207,Ty Adcock,P,,SD,CWS,,4000,0,0,,0,0,0,0,0,100,4.6566,8.4594,,,,,,,,,,,,,,,,,,,,,,,,,,,,,,,,,,,,,,,,,,,,NaN,,,,,,,
42963126,Matt Waldron,P,,SD,CWS,,6900,0,0,,0,0,0,0,0,100,4.6566,8.4594,,,,,,,,,,,,,,,,,,,,,,,,,,,,,,,,,,,,,,,,,,,,NaN,,,,,,,
42963137,Ryan Johnson,P,,LAA,NYM,IL,6700,0,0,,0,0,0,0,0,100,4.3272,9.3406,,,,,,,,,,,,,,,,,,,,,,,,,,,,,,,,,,,,,,,,,,,,NaN,,,,,,,
42963103,Jhony Brito,P,,SD,CWS,IL,7000,0,0,,0,0,0,0,0,100,4.6566,8.4594,,,,,,,,,,,,,,,,,,,,,,,,,,,,,,,,,,,,,,,,,,,,NaN,,,,,,,
42963030,Logan O'Hoppe,C,,LAA,NYM,IL,2700,0,0,,0,0,0,0,0,100,4.3272,9.3406,,,,,,,,,,,,,,,,,,,,,,,,,,,,,,,,,,,,,,,,,,,,NaN,,,,,,,
42963133,Erick Fedde,P,,CWS,SD,,6800,0,0,,0,0,0,0,0,100,3.8028,8.4594,,,,,,,,,,,,,,,,,,,,,,,,,,,,,,,,,,,,,,,,,,,,NaN,,,,,,,
42963023,Everson Pereira,OF,,CWS,SD,IL,3700,0,0,,0,0,0,0,0,100,3.8028,8.4594,,,,,,,,,,,,,,,,,,,,,,,,,,,,,,,,,,,,,,,,,,,,NaN,,,,,,,
42963208,Jose A. Ferrer,P,,SEA,KC,,4000,0,0,,0,0,0,0,0,100,4.1942,8.2388,,,,,,,,,,,,,,,,,,,,,,,,,,,,,,,,,,,,,,,,,,,,NaN,,,,,,,
42963205,Bryan Hoeing,P,,SD,CWS,IL,4000,0,0,,0,0,0,0,0,100,4.6566,8.4594,,,,,,,,,,,,,,,,,,,,,,,,,,,,,,,,,,,,,,,,,,,,NaN,,,,,,,
42963120,Osvaldo Bido,P,,CWS,SD,,6900,0,0,,0,0,0,0,0,100,3.8028,8.4594,,,,,,,,,,,,,,,,,,,,,,,,,,,,,,,,,,,,,,,,,,,,NaN,,,,,,,
42963132,Jonathan Cannon,P,,CWS,SD,IL,6800,0,0,,0,0,0,0,0,100,3.8028,8.4594,,,,,,,,,,,,,,,,,,,,,,,,,,,,,,,,,,,,,,,,,,,,NaN,,,,,,,
42963222,Steven Cruz,P,,KC,SEA,,4000,0,0,,0,0,0,0,0,100,4.0446,8.2388,,,,,,,,,,,,,,,,,,,,,,,,,,,,,,,,,,,,,,,,,,,,NaN,,,,,,,
42963190,Codi Heuer,P,,CLE,ATH,,4000,0,0,,0,0,0,0,0,100,4.9996,9.612,,,,,,,,,,,,,,,,,,,,,,,,,,,,,,,,,,,,,,,,,,,,NaN,,,,,,,
42963032,George Valera,OF,,CLE,ATH,,2600,0,0,,0,0,0,0,0,100,4.9996,9.612,,,,,,,,,,,,,,,,,,,,,,,,,,,,,,,,,,,,,,,,,,,,NaN,,,,,,,
42963125,Walker Buehler,P,,SD,CWS,,6900,0,0,,0,0,0,0,0,100,4.6566,8.4594,,,,,,,,,,,,,,,,,,,,,,,,,,,,,,,,,,,,,,,,,,,,NaN,,,,,,,
42963118,J.T. Ginn,P,,ATH,CLE,,6900,0,0,,0,0,0,0,0,100,4.6124,9.612,,,,,,,,,,,,,,,,,,,,,,,,,,,,,,,,,,,,,,,,,,,,NaN,,,,,,,
42963211,Shawn Armstrong,P,,CLE,ATH,IL,4000,0,0,,0,0,0,0,0,100,4.9996,9.612,,,,,,,,,,,,,,,,,,,,,,,,,,,,,,,,,,,,,,,,,,,,NaN,,,,,,,
42962987,Ronny Mauricio,3B/SS,,NYM,LAA,IL,2500,0,0,,0,0,0,0,0,100,5.0134,9.3406,,,,,,,,,,,,,,,,,,,,,,,,,,,,,,,,,,,,,,,,,,,,NaN,,,,,,,
42963102,Jack Perkins,P,,ATH,CLE,,7000,0,0,,0,0,0,0,0,100,4.6124,9.612,,,,,,,,,,,,,,,,,,,,,,,,,,,,,,,,,,,,,,,,,,,,NaN,,,,,,,
42963162,Franco Aleman,P,,CLE,ATH,,4000,0,0,,0,0,0,0,0,100,4.9996,9.612,,,,,,,,,,,,,,,,,,,,,,,,,,,,,,,,,,,,,,,,,,,,NaN,,,,,,,
42963047,Kameron Misner,OF,,KC,SEA,,2100,0,0,,0,0,0,0,0,100,4.0446,8.2388,,,,,,,,,,,,,,,,,,,,,,,,,,,,,,,,,,,,,,,,,,,,NaN,,,,,,,
42963173,Carlos Vargas,P,,SEA,KC,IL,4000,0,0,,0,0,0,0,0,100,4.1942,8.2388,,,,,,,,,,,,,,,,,,,,,,,,,,,,,,,,,,,,,,,,,,,,NaN,,,,,,,
42963044,Tyler Tolbert,OF,,KC,SEA,,2200,0,0,,0,0,0,0,0,100,4.0446,8.2388,,,,,,,,,,,,,,,,,,,,,,,,,,,,,,,,,,,,,,,,,,,,NaN,,,,,,,
42963199,Reed Garrett,P,,NYM,LAA,IL,4000,0,0,,0,0,0,0,0,100,5.0134,9.3406,,,,,,,,,,,,,,,,,,,,,,,,,,,,,,,,,,,,,,,,,,,,NaN,,,,,,,
42963200,Peyton Pallette,P,,CLE,ATH,,4000,-4.75,0,-4.75,0,0,0,0,0,100,4.9996,9.612,,,,,,,,,,,,,,,,,,,,,,,,,,,,,,,,,,,,,,,,,,,,NaN,,,,,,,
42963048,Will Wagner,1B/3B,,SD,CWS,IL,2100,0,0,,0,0,0,0,0,100,4.6566,8.4594,,,,,,,,,,,,,,,,,,,,,,,,,,,,,,,,,,,,,,,,,,,,NaN,,,,,,,
42962935,Luke Raley,OF,,SEA,KC,,3700,0,0,,0,0,0,0,0,100,4.1942,8.2388,,,,,,,,,,,,,,,,,,,,,,,,,,,,,,,,,,,,,,,,,,,,NaN,,,,,,,
42963079,Michael King,P,,SD,CWS,,8500,0,0,,0,0,0,0,0,100,4.6566,8.4594,,,,,,,,,,,,,,,,,,,,,,,,,,,,,,,,,,,,,,,,,,,,NaN,,,,,,,
42963093,Logan Evans,P,,SEA,KC,IL,7600,0,0,,0,0,0,0,0,100,4.1942,8.2388,,,,,,,,,,,,,,,,,,,,,,,,,,,,,,,,,,,,,,,,,,,,NaN,,,,,,,
42963027,Victor Robles,OF,,SEA,KC,IL,3300,0,0,,0,0,0,0,0,100,4.1942,8.2388,,,,,,,,,,,,,,,,,,,,,,,,,,,,,,,,,,,,,,,,,,,,NaN,,,,,,,
42963085,Reid Detmers,P,,LAA,NYM,,8000,0,0,,0,0,0,0,0,100,4.3272,9.3406,,,,,,,,,,,,,,,,,,,,,,,,,,,,,,,,,,,,,,,,,,,,NaN,,,,,,,
42962916,Angel Martinez,OF,,CLE,ATH,,4600,0,0,,0,0,0,0,0,100,4.9996,9.612,,,,,,,,,,,,,,,,,,,,,,,,,,,,,,,,,,,,,,,,,,,,NaN,,,,,,,
42963031,Brooks Baldwin,OF,,CWS,SD,IL,2700,0,0,,0,0,0,0,0,100,3.8028,8.4594,,,,,,,,,,,,,,,,,,,,,,,,,,,,,,,,,,,,,,,,,,,,NaN,,,,,,,
42963238,Alex Hoppe,P,,SEA,KC,,4000,3.65,0,3.65,0,0,0,0,0,100,4.1942,8.2388,,,,,,,,,,,,,,,,,,,,,,,,,,,,,,,,,,,,,,,,,,,,NaN,,,,,,,
42962983,Will Wilson,2B/3B,,SEA,KC,IL,2600,0,0,,0,0,0,0,0,100,4.1942,8.2388,,,,,,,,,,,,,,,,,,,,,,,,,,,,,,,,,,,,,,,,,,,,NaN,,,,,,,
42963078,Michael Wacha,P,,KC,SEA,,8700,0,0,,0,0,0,0,0,100,4.0446,8.2388,,,,,,,,,,,,,,,,,,,,,,,,,,,,,,,,,,,,,,,,,,,,NaN,,,,,,,
42963117,Luis Severino,P,,ATH,CLE,,6900,0,0,,0,0,0,0,0,100,4.6124,9.612,,,,,,,,,,,,,,,,,,,,,,,,,,,,,,,,,,,,,,,,,,,,NaN,,,,,,,
42963040,CJ Kayfus,1B/OF,,CLE,ATH,,2400,0,0,,0,0,0,0,0,100,4.9996,9.612,,,,,,,,,,,,,,,,,,,,,,,,,,,,,,,,,,,,,,,,,,,,NaN,,,,,,,
42963019,Francisco Lindor,SS,,NYM,LAA,IL,4600,0,0,,0,0,0,0,0,100,5.0134,9.3406,,,,,,,,,,,,,,,,,,,,,,,,,,,,,,,,,,,,,,,,,,,,NaN,,,,,,,
42963244,Craig Kimbrel,P,,NYM,LAA,,4000,0,0,,0,0,0,0,0,100,5.0134,9.3406,,,,,,,,,,,,,,,,,,,,,,,,,,,,,,,,,,,,,,,,,,,,NaN,,,,,,,
42962975,Andy Ibanez,2B/3B,,NYM,LAA,,2700,0,0,,0,0,0,0,0,100,5.0134,9.3406,,,,,,,,,,,,,,,,,,,,,,,,,,,,,,,,,,,,,,,,,,,,NaN,,,,,,,
42963108,Mitch Spence,P,,KC,SEA,,7000,0,0,,0,0,0,0,0,100,4.0446,8.2388,,,,,,,,,,,,,,,,,,,,,,,,,,,,,,,,,,,,,,,,,,,,NaN,,,,,,,
42963153,Steven Zobac,P,,KC,SEA,IL,4000,0,0,,0,0,0,0,0,100,4.0446,8.2388,,,,,,,,,,,,,,,,,,,,,,,,,,,,,,,,,,,,,,,,,,,,NaN,,,,,,,
42963160,David Sandlin,P,,CWS,SD,IL,4000,0,0,,0,0,0,0,0,100,3.8028,8.4594,,,,,,,,,,,,,,,,,,,,,,,,,,,,,,,,,,,,,,,,,,,,NaN,,,,,,,
42963080,Lucas Giolito,P,,SD,CWS,,8500,0,0,,0,0,0,0,0,100,4.6566,8.4594,,,,,,,,,,,,,,,,,,,,,,,,,,,,,,,,,,,,,,,,,,,,NaN,,,,,,,
42963161,James McArthur,P,,KC,SEA,IL,4000,0,0,,0,0,0,0,0,100,4.0446,8.2388,,,,,,,,,,,,,,,,,,,,,,,,,,,,,,,,,,,,,,,,,,,,NaN,,,,,,,
42963229,Colin Holderman,P,,CLE,ATH,,4000,6.7,0,6.7,0,0,0,0,0,100,4.9996,9.612,,,,,,,,,,,,,,,,,,,,,,,,,,,,,,,,,,,,,,,,,,,,NaN,,,,,,,
42962989,David Fry,OF,,CLE,ATH,,2500,0,0,0,0,0,0,0,0,100,4.9996,9.612,,,,,,,,,,,,,,,,,,,,,,,,,,,,,,,,,,,,,,,,,,,,NaN,,,,,,,
42963217,Brandon Eisert,P,,CWS,SD,,4000,0,0,,0,0,0,0,0,100,3.8028,8.4594,,,,,,,,,,,,,,,,,,,,,,,,,,,,,,,,,,,,,,,,,,,,NaN,,,,,,,
42963212,Alek Jacob,P,,SD,CWS,,4000,0,0,,0,0,0,0,0,100,4.6566,8.4594,,,,,,,,,,,,,,,,,,,,,,,,,,,,,,,,,,,,,,,,,,,,NaN,,,,,,,
42963236,Robert Stephenson,P,,LAA,NYM,IL,4000,0,0,,0,0,0,0,0,100,4.3272,9.3406,,,,,,,,,,,,,,,,,,,,,,,,,,,,,,,,,,,,,,,,,,,,NaN,,,,,,,
42963083,Emerson Hancock,P,,SEA,KC,,8400,0,0,,0,0,0,0,0,100,4.1942,8.2388,,,,,,,,,,,,,,,,,,,,,,,,,,,,,,,,,,,,,,,,,,,,NaN,,,,,,,
42963066,Hayden Senger,C,,NYM,LAA,,2000,0,0,,0,0,0,0,0,100,5.0134,9.3406,,,,,,,,,,,,,,,,,,,,,,,,,,,,,,,,,,,,,,,,,,,,NaN,,,,,,,
42963145,Sean Burke,P,,CWS,SD,,6100,0,0,,0,0,0,0,0,100,3.8028,8.4594,,,,,,,,,,,,,,,,,,,,,,,,,,,,,,,,,,,,,,,,,,,,NaN,,,,,,,
42963147,Ky Bush,P,,CWS,SD,IL,4000,0,0,,0,0,0,0,0,100,3.8028,8.4594,,,,,,,,,,,,,,,,,,,,,,,,,,,,,,,,,,,,,,,,,,,,NaN,,,,,,,
42963065,Denzel Clarke,OF,,ATH,CLE,IL,2000,0,0,,0,0,0,0,0,100,4.6124,9.612,,,,,,,,,,,,,,,,,,,,,,,,,,,,,,,,,,,,,,,,,,,,NaN,,,,,,,
42962953,Adam Frazier,2B,,LAA,NYM,,3200,0,0,,0,0,0,0,0,100,4.3272,9.3406,,,,,,,,,,,,,,,,,,,,,,,,,,,,,,,,,,,,,,,,,,,,NaN,,,,,,,
42962969,Luis Campusano,C,,SD,CWS,,2800,0,0,,0,0,0,0,0,100,4.6566,8.4594,,,,,,,,,,,,,,,,,,,,,,,,,,,,,,,,,,,,,,,,,,,,NaN,,,,,,,
42963096,Shane Smith,P,,CWS,SD,,7500,0,0,,0,0,0,0,0,100,3.8028,8.4594,,,,,,,,,,,,,,,,,,,,,,,,,,,,,,,,,,,,,,,,,,,,NaN,,,,,,,
42963011,Travis d'Arnaud,C,,LAA,NYM,,2100,0,0,0,0,0,0,0,0,100,4.3272,9.3406,,,,,,,,,,,,,,,,,,,,,,,,,,,,,,,,,,,,,,,,,,,,NaN,,,,,,,
42963214,Yosver Zulueta,P,,SEA,KC,,4000,0,0,,0,0,0,0,0,100,4.1942,8.2388,,,,,,,,,,,,,,,,,,,,,,,,,,,,,,,,,,,,,,,,,,,,NaN,,,,,,,
42962974,Austin Hays,OF,,CWS,SD,,2700,0,0,,0,0,0,0,0,100,3.8028,8.4594,,,,,,,,,,,,,,,,,,,,,,,,,,,,,,,,,,,,,,,,,,,,NaN,,,,,,,
42963195,Joey Gerber,P,,NYM,LAA,IL,4000,0,0,,0,0,0,0,0,100,5.0134,9.3406,,,,,,,,,,,,,,,,,,,,,,,,,,,,,,,,,,,,,,,,,,,,NaN,,,,,,,
42963167,Robinson Ortiz,P,,SEA,KC,,4000,0,0,,0,0,0,0,0,100,4.1942,8.2388,,,,,,,,,,,,,,,,,,,,,,,,,,,,,,,,,,,,,,,,,,,,NaN,,,,,,,
42963178,Chris Murphy,P,,CWS,SD,IL,4000,0,0,,0,0,0,0,0,100,3.8028,8.4594,,,,,,,,,,,,,,,,,,,,,,,,,,,,,,,,,,,,,,,,,,,,NaN,,,,,,,
42963113,David Peterson,P,,NYM,LAA,,7000,0,0,,0,0,0,0,0,100,5.0134,9.3406,,,,,,,,,,,,,,,,,,,,,,,,,,,,,,,,,,,,,,,,,,,,NaN,,,,,,,
42963119,Drew Thorpe,P,,CWS,SD,IL,6900,0,0,,0,0,0,0,0,100,3.8028,8.4594,,,,,,,,,,,,,,,,,,,,,,,,,,,,,,,,,,,,,,,,,,,,NaN,,,,,,,
42962982,Starling Marte,OF,,KC,SEA,,2600,0,0,0,0,0,0,0,0,100,4.0446,8.2388,,,,,,,,,,,,,,,,,,,,,,,,,,,,,,,,,,,,,,,,,,,,NaN,,,,,,,
42963057,Patrick Wisdom,1B/3B,,SEA,KC,IL,2000,0,0,,0,0,0,0,0,100,4.1942,8.2388,,,,,,,,,,,,,,,,,,,,,,,,,,,,,,,,,,,,,,,,,,,,NaN,,,,,,,
42963036,Tanner Murray,3B/OF,,CWS,SD,IL,2500,0,0,,0,0,0,0,0,100,3.8028,8.4594,,,,,,,,,,,,,,,,,,,,,,,,,,,,,,,,,,,,,,,,,,,,NaN,,,,,,,
42963090,Noah Cameron,P,,KC,SEA,,7700,0,0,,0,0,0,0,0,100,4.0446,8.2388,,,,,,,,,,,,,,,,,,,,,,,,,,,,,,,,,,,,,,,,,,,,NaN,,,,,,,
42963203,Jeremiah Estrada,P,,SD,CWS,,4000,0,0,,0,0,0,0,0,100,4.6566,8.4594,,,,,,,,,,,,,,,,,,,,,,,,,,,,,,,,,,,,,,,,,,,,NaN,,,,,,,
42963073,George Kirby,P,,SEA,KC,,9200,0,0,,0,0,0,0,0,100,4.1942,8.2388,,,,,,,,,,,,,,,,,,,,,,,,,,,,,,,,,,,,,,,,,,,,NaN,,,,,,,
