PG,PG,SG,SG,SF,SF,PF,PF,C,Projection,Salary,Ownership,Ceiling,MC_EV,MC_Top1Pct
128363-203713,128363-188405,128363-157833,128363-171795,128363-213216,128363-188464,128363-68090,128363-158855,128363-58462,298.80,59700,10.62,380.64,17.3339,0.0607
128363-145331,128363-179762,128363-84667,128363-145323,128363-203802,128363-203761,128363-58462,128363-70823,128363-60021,322.60,60000,21.77,414.46,20.5677,0.0973
128363-145331,128363-49675,128363-110356,128363-213216,128363-84695,128363-171795,128363-80817,128363-194829,128363-60021,308.40,59900,14.77,400.18,14.9319,0.0763
128363-80816,128363-145331,128363-145308,128363-145314,128363-110357,128363-228124,128363-67026,128363-145341,128363-58378,276.90,59400,4.39,358.67,5.3081,0.0190
128363-179762,128363-145323,128363-67026,128363-84667,128363-203761,128363-158855,128363-58462,128363-60021,128363-157846,316.40,60000,16.80,408.56,10.1393,0.0597
128363-110312,128363-145323,128363-58462,128363-157904,128363-145334,128363-9714,128363-203761,128363-203802,128363-228122,294.40,59400,6.95,359.64,1.9565,0.0030
128363-179762,128363-49675,128363-80817,128363-179512,128363-84667,128363-188464,128363-145334,128363-12341,128363-60021,295.70,58300,13.52,400.00,4.8325,0.0243
128363-158373,128363-188405,128363-58153,128363-158855,128363-157850,128363-188464,128363-171770,128363-67026,128363-188424,283.90,59100,6.25,363.57,2.0739,0.0120
128363-145323,128363-157850,128363-60021,128363-171767,128363-80816,128363-179762,128363-67026,128363-145341,128363-145304,290.10,58500,7.27,377.32,0.9294,0.0063
128363-145331,128363-145323,128363-110357,128363-179762,128363-84695,128363-158855,128363-80817,128363-171795,128363-60021,314.10,59600,19.70,413.70,10.2466,0.0713
128363-179762,128363-145331,128363-84667,128363-67026,128363-68090,128363-157833,128363-70823,128363-145548,128363-157825,306.30,60000,17.52,397.38,6.7031,0.0367
128363-145323,128363-203713,128363-194829,128363-157908,128363-49675,128363-188464,128363-157826,128363-171795,128363-171767,276.00,57300,6.13,359.12,10.9623,0.0357
128363-228161,128363-179762,128363-188416,128363-80808,128363-171784,128363-228133,128363-157833,128363-58153,128363-171925,276.80,57900,5.78,350.86,2.1510,0.0043
128363-157850,128363-110312,128363-171672,128363-188464,128363-203761,128363-157833,128363-70823,128363-171795,128363-80817,307.20,60000,17.85,400.26,10.9564,0.0553
128363-145331,128363-228118,128363-145314,128363-171770,128363-9714,128363-203727,128363-158855,128363-40562,128363-15557,278.30,59100,6.20,361.33,5.2259,0.0163
128363-157850,128363-179762,128363-12341,128363-171795,128363-228118,128363-171784,128363-145334,128363-157822,128363-188451,288.20,58100,14.55,380.87,2.8147,0.0193
128363-188405,128363-179762,128363-145314,128363-157833,128363-80816,128363-203727,128363-157822,128363-228124,128363-203771,285.70,60000,4.52,359.17,3.1659,0.0140
128363-158373,128363-110356,128363-58462,128363-145314,128363-67026,128363-80816,128363-84695,128363-68090,128363-70823,289.70,58000,7.19,360.44,0.8259,0.0083
128363-110356,128363-179762,128363-60021,128363-49116,128363-203718,128363-67026,128363-171770,128363-188422,128363-157811,296.20,59800,13.21,384.64,3.2619,0.0227
128363-145323,128363-228120,128363-171795,128363-157833,128363-203727,128363-188464,128363-84670,128363-171770,128363-60021,299.60,59700,10.45,389.32,5.9287,0.0220
128363-188405,128363-171784,128363-188422,128363-58153,128363-9714,128363-203798,128363-203761,128363-110357,128363-159097,282.10,58000,7.20,348.14,0.2087,0.0023
128363-179762,128363-145331,128363-171769,128363-68090,128363-145323,128363-67026,128363-12341,128363-84695,128363-70823,303.90,59600,11.73,387.61,2.8194,0.0227
128363-171784,128363-157850,128363-145548,128363-12341,128363-188405,128363-203802,128363-84695,128363-171795,128363-80817,291.60,59800,9.97,379.63,5.1090,0.0290
128363-228133,128363-228161,128363-12341,128363-157822,128363-188464,128363-228127,128363-188422,128363-80808,128363-145548,279.20,58000,7.54,358.22,1.4562,0.0060
128363-203718,128363-203713,128363-171795,128363-49116,128363-84667,128363-110357,128363-67026,128363-157822,128363-157825,296.00,60000,13.24,380.90,4.2332,0.0237
128363-145331,128363-179762,128363-188464,128363-203718,128363-12341,128363-171795,128363-60021,128363-203761,128363-80817,318.90,59600,26.26,425.16,19.6332,0.1257
128363-145331,128363-179762,128363-157833,128363-49116,128363-213216,128363-157850,128363-171769,128363-84670,128363-188451,287.10,57500,8.57,372.90,2.5294,0.0103
128363-157850,128363-145323,128363-12341,128363-80808,128363-80816,128363-213216,128363-188452,128363-157822,128363-159097,294.40,60000,9.30,373.94,1.8027,0.0117
128363-157850,128363-80816,128363-171767,128363-58462,128363-145334,128363-84670,128363-171795,128363-40562,128363-157846,283.50,59900,5.87,367.53,3.4098,0.0170
128363-203733,128363-203713,128363-188449,128363-145314,128363-157850,128363-228161,128363-171795,128363-157833,128363-80817,283.60,59600,7.54,372.94,1.7642,0.0110
128363-157850,128363-84667,128363-188464,128363-67026,128363-203761,128363-84695,128363-60021,128363-80817,128363-157825,318.20,60000,19.02,411.16,16.2373,0.0810
128363-158373,128363-145331,128363-203761,128363-194829,128363-203727,128363-80816,128363-84695,128363-80808,128363-60021,300.50,58200,7.32,377.09,2.1820,0.0160
128363-188405,128363-171784,128363-188452,128363-157908,128363-171672,128363-188464,128363-49116,128363-233146,128363-80817,275.40,57700,8.22,360.83,5.2691,0.0280
128363-145323,128363-145331,128363-228118,128363-84667,128363-9646,128363-12341,128363-203761,128363-70823,128363-157825,308.60,60000,17.09,395.82,10.4741,0.0503
128363-157850,128363-228133,128363-194829,128363-158855,128363-110312,128363-145323,128363-80808,128363-203761,128363-145548,291.00,58700,12.08,377.39,3.1244,0.0150
128363-179762,128363-203718,128363-188464,128363-84667,128363-157833,128363-84670,128363-60021,128363-58462,128363-80817,315.80,59600,24.67,418.54,12.7948,0.0873
128363-84667,128363-179762,128363-188449,128363-171770,128363-228127,128363-228118,128363-157822,128363-80808,128363-157825,279.70,57000,11.47,369.10,0.2053,0.0027
128363-110312,128363-228118,128363-80817,128363-203761,128363-188456,128363-157826,128363-188452,128363-67026,128363-157811,281.30,59800,6.00,364.08,2.6325,0.0110
128363-228168,128363-145331,128363-12341,128363-194829,128363-228133,128363-157850,128363-40562,128363-157851,128363-157825,279.30,59900,6.14,366.15,2.1061,0.0120
128363-145323,128363-179762,128363-68090,128363-203761,128363-157850,128363-188405,128363-84695,128363-188444,128363-58462,303.80,59300,9.71,381.03,1.9461,0.0147
128363-145323,128363-145331,128363-84667,128363-188464,128363-171795,128363-157833,128363-145339,128363-194829,128363-80817,310.20,60000,21.98,414.88,20.6473,0.1003
128363-158373,128363-49675,128363-171769,128363-158854,128363-188464,128363-110312,128363-67026,128363-12341,128363-80817,288.80,59400,6.06,371.88,5.0043,0.0250
128363-171784,128363-84667,128363-228124,128363-9714,128363-188452,128363-157833,128363-203761,128363-145314,128363-159097,294.00,59900,8.31,373.19,4.8341,0.0143
128363-228133,128363-188410,128363-68090,128363-12341,128363-145323,128363-49675,128363-49116,128363-80808,128363-203771,286.50,59700,7.24,364.35,3.2074,0.0130
128363-145323,128363-145331,128363-171672,128363-188464,128363-157833,128363-145341,128363-60021,128363-58462,128363-157825,316.60,59600,17.39,407.85,16.6379,0.0820
128363-145331,128363-158373,128363-179762,128363-171784,128363-203761,128363-171795,128363-70823,128363-58462,128363-60021,319.10,59600,18.68,409.97,8.0851,0.0577
128363-158373,128363-145331,128363-80817,128363-194829,128363-213216,128363-67026,128363-84695,128363-9646,128363-203771,299.90,58600,8.37,373.92,6.9700,0.0400
128363-145331,128363-84667,128363-188464,128363-179762,128363-171795,128363-203761,128363-60021,128363-49116,128363-80817,319.20,60000,23.17,425.64,24.5227,0.1300
128363-145323,128363-145331,128363-188464,128363-179762,128363-12341,128363-171795,128363-80817,128363-60021,128363-188451,314.70,59100,24.18,425.00,30.1790,0.1433
128363-171784,128363-145323,128363-171795,128363-158855,128363-157850,128363-110356,128363-9646,128363-9714,128363-145548,284.80,58400,10.85,369.27,1.8413,0.0090
128363-145331,128363-179762,128363-145323,128363-188464,128363-110357,128363-203761,128363-194829,128363-60021,128363-58462,320.50,59400,27.16,421.02,18.8563,0.1143
128363-158373,128363-145331,128363-145323,128363-188464,128363-84695,128363-145334,128363-171795,128363-157822,128363-60021,320.40,60000,15.29,401.48,9.7693,0.0490
128363-145323,128363-19067,128363-158855,128363-188444,128363-157826,128363-145335,128363-157822,128363-110357,128363-157825,279.00,57800,5.64,345.68,0.9387,0.0010
128363-84667,128363-145335,128363-203761,128363-80817,128363-188464,128363-110312,128363-157833,128363-188418,128363-157825,307.50,60000,14.12,392.12,6.5045,0.0303
128363-203713,128363-19067,128363-188418,128363-80808,128363-84667,128363-110312,128363-171770,128363-84695,128363-157825,293.20,59600,8.88,366.80,2.3056,0.0087
128363-84667,128363-145323,128363-60021,128363-157908,128363-171672,128363-179762,128363-12341,128363-188449,128363-80817,296.70,58600,15.44,399.40,4.7985,0.0373
128363-203713,128363-145331,128363-9646,128363-171770,128363-145334,128363-188464,128363-84695,128363-203767,128363-55059,275.80,59900,3.57,357.14,6.0586,0.0240
128363-110312,128363-188405,128363-171795,128363-145314,128363-203713,128363-171784,128363-145341,128363-12341,128363-188451,285.30,59000,8.12,368.41,0.7635,0.0113
128363-179762,128363-228133,128363-145304,128363-58153,128363-84667,128363-67026,128363-157904,128363-171770,128363-145548,275.90,58900,7.29,364.02,0.9236,0.0080
128363-49675,128363-158373,128363-158855,128363-203761,128363-67026,128363-84670,128363-9646,128363-110357,128363-203787,287.30,59600,7.55,360.98,0.4174,0.0043
128363-203777,128363-145331,128363-60021,128363-40562,128363-84670,128363-188464,128363-228124,128363-80808,128363-157825,293.40,59800,8.30,382.93,3.9189,0.0203
128363-203718,128363-157850,128363-80817,128363-68090,128363-145323,128363-67026,128363-188456,128363-145334,128363-159097,290.30,59100,9.03,373.63,1.7231,0.0103
128363-145323,128363-228161,128363-188444,128363-58462,128363-203718,128363-67026,128363-84695,128363-203761,128363-80817,307.40,59300,9.34,380.90,0.9806,0.0143
128363-157850,128363-228161,128363-80817,128363-58462,128363-188464,128363-171672,128363-9646,128363-80808,128363-55059,285.70,59500,6.96,374.34,5.1333,0.0290
128363-203713,128363-188405,128363-80817,128363-68090,128363-228133,128363-179762,128363-12341,128363-84670,128363-203787,279.60,60000,7.07,367.62,1.8564,0.0090
128363-203713,128363-158373,128363-9646,128363-203761,128363-84667,128363-171784,128363-110357,128363-12341,128363-110359,288.70,59800,5.95,360.83,2.0156,0.0033
128363-203798,128363-188405,128363-49116,128363-80808,128363-228133,128363-188464,128363-171770,128363-158855,128363-157825,287.40,60000,8.47,367.30,3.6034,0.0207
128363-203777,128363-49675,128363-70823,128363-188449,128363-19067,128363-9714,128363-157822,128363-157826,128363-60021,281.00,58700,6.22,354.91,0.1848,0.0027
128363-179762,128363-158373,128363-145323,128363-84667,128363-157822,128363-67026,128363-171770,128363-171795,128363-157825,310.20,59700,16.91,394.04,4.2060,0.0247
128363-158373,128363-203718,128363-58462,128363-12341,128363-203713,128363-67026,128363-49116,128363-68090,128363-70823,291.40,58800,9.38,370.54,2.0357,0.0097
128363-203721,128363-145331,128363-188464,128363-179762,128363-203761,128363-12341,128363-171770,128363-60021,128363-188451,312.30,60000,16.77,411.23,24.1426,0.0980
128363-171784,128363-49675,128363-60021,128363-188422,128363-188405,128363-213216,128363-12341,128363-203802,128363-157811,292.70,59500,9.39,369.71,1.9209,0.0107
128363-110356,128363-49675,128363-194829,128363-157833,128363-157850,128363-203713,128363-228124,128363-84670,128363-157825,282.10,59400,8.10,366.94,3.4601,0.0157
128363-203718,128363-145331,128363-110312,128363-145323,128363-145334,128363-49116,128363-80817,128363-158855,128363-159097,302.60,59700,13.67,389.38,5.0977,0.0280
128363-179762,128363-19067,128363-145323,128363-188464,128363-157833,128363-145334,128363-203761,128363-171770,128363-188451,311.20,59900,17.30,393.06,9.1160,0.0327
128363-188405,128363-203777,128363-188452,128363-9646,128363-188464,128363-145323,128363-67026,128363-157826,128363-157825,285.50,59000,7.09,360.76,2.6534,0.0100
128363-80816,128363-157850,128363-158855,128363-80817,128363-203777,128363-145323,128363-157822,128363-188422,128363-203771,281.60,58300,5.37,358.88,0.4584,0.0043
128363-157850,128363-49675,128363-110357,128363-84670,128363-157822,128363-84695,128363-60021,128363-188452,128363-158137,292.80,59900,8.24,376.18,1.6883,0.0083
128363-145331,128363-228161,128363-188464,128363-157850,128363-67026,128363-171795,128363-60021,128363-203761,128363-157825,316.60,59900,18.90,407.90,11.0105,0.0653
128363-145331,128363-145323,128363-179762,128363-188464,128363-84670,128363-188449,128363-60021,128363-58462,128363-80817,314.20,59600,23.25,421.60,13.5344,0.0927
128363-49675,128363-179762,128363-60021,128363-203761,128363-203718,128363-67026,128363-84695,128363-80808,128363-70823,310.40,59200,17.46,394.34,6.8598,0.0343
128363-19067,128363-145331,128363-194829,128363-188422,128363-228133,128363-80816,128363-203802,128363-171770,128363-188451,281.00,59100,6.86,361.69,2.5067,0.0147
128363-145323,128363-145331,128363-67026,128363-188464,128363-171795,128363-84695,128363-60021,128363-203761,128363-159097,323.90,60000,19.65,413.66,19.2255,0.0910
128363-203713,128363-157850,128363-80808,128363-188452,128363-110357,128363-110356,128363-84695,128363-171795,128363-157825,283.10,58000,10.21,366.18,4.3040,0.0180
128363-84667,128363-145331,128363-179762,128363-188464,128363-203761,128363-12341,128363-145339,128363-60021,128363-58462,318.60,59900,25.45,424.98,31.2102,0.1393
128363-84667,128363-179762,128363-188464,128363-110312,128363-203761,128363-171795,128363-60021,128363-80817,128363-58462,321.50,60000,26.46,427.10,23.0669,0.1260
128363-145323,128363-80816,128363-80808,128363-188424,128363-67026,128363-228124,128363-145341,128363-12341,128363-157825,276.90,59000,4.45,362.03,1.4093,0.0050
128363-145335,128363-203718,128363-171770,128363-60021,128363-9714,128363-157850,128363-158854,128363-188418,128363-80817,286.30,59900,6.58,372.88,1.2354,0.0127
128363-145323,128363-158373,128363-145334,128363-19067,128363-157833,128363-84695,128363-60021,128363-145548,128363-58462,311.30,60000,10.64,385.18,6.3079,0.0283
128363-188405,128363-179762,128363-80817,128363-158855,128363-145334,128363-203727,128363-157822,128363-171795,128363-228122,295.10,59500,8.64,373.06,2.4653,0.0140
128363-203718,128363-145331,128363-84667,128363-228161,128363-145341,128363-157833,128363-145314,128363-203761,128363-60021,315.30,60000,13.09,394.97,8.7174,0.0467
128363-145331,128363-84667,128363-110356,128363-188464,128363-145341,128363-203761,128363-60021,128363-70823,128363-58462,319.00,59900,18.83,409.69,11.9688,0.0730
128363-84667,128363-171784,128363-203718,128363-145323,128363-157833,128363-188418,128363-80817,128363-60021,128363-159097,311.70,59600,15.97,399.55,9.9151,0.0537
128363-84667,128363-145331,128363-228118,128363-203718,128363-188444,128363-157833,128363-80817,128363-194829,128363-157811,294.50,59500,10.46,386.16,3.3406,0.0200
128363-145323,128363-145331,128363-80808,128363-49116,128363-179762,128363-171784,128363-145334,128363-84695,128363-70823,305.60,60000,14.24,387.81,3.4504,0.0177
128363-110312,128363-145331,128363-157851,128363-171795,128363-171784,128363-228133,128363-188452,128363-188444,128363-157825,285.10,59900,7.03,368.15,1.5790,0.0117
128363-145331,128363-110356,128363-145548,128363-80817,128363-171784,128363-67026,128363-233146,128363-84695,128363-157825,296.80,59900,11.02,381.07,4.9272,0.0320
128363-19067,128363-157812,128363-203761,128363-157833,128363-84670,128363-84667,128363-145341,128363-171795,128363-228166,290.10,57300,9.21,362.71,0.2200,0.0030
128363-110312,128363-145323,128363-145548,128363-161552,128363-49675,128363-188464,128363-157822,128363-110357,128363-80817,295.50,59900,11.69,384.32,2.5461,0.0223
128363-188405,128363-157850,128363-157908,128363-60021,128363-228118,128363-203798,128363-84695,128363-158855,128363-157811,281.30,58400,6.87,360.32,1.5681,0.0057
128363-110312,128363-145331,128363-145548,128363-60021,128363-84667,128363-20640,128363-58153,128363-67026,128363-203771,293.80,58800,8.52,379.29,5.2540,0.0223
128363-158373,128363-145331,128363-157833,128363-70823,128363-84670,128363-157850,128363-203761,128363-171795,128363-159097,310.20,60000,13.53,391.88,2.4196,0.0263
128363-145331,128363-145323,128363-49675,128363-188464,128363-12341,128363-84695,128363-60021,128363-203761,128363-157825,321.60,59800,20.40,411.18,15.6820,0.0953
128363-171784,128363-145331,128363-145323,128363-188464,128363-67026,128363-171795,128363-158855,128363-203761,128363-188451,312.90,60000,18.85,403.79,7.8735,0.0563
128363-84667,128363-188405,128363-203761,128363-171795,128363-203718,128363-179762,128363-157833,128363-12341,128363-157811,307.10,59900,18.82,397.56,2.2645,0.0287
128363-203733,128363-158373,128363-157908,128363-194829,128363-203718,128363-228127,128363-157833,128363-9646,128363-228122,277.00,58000,5.05,345.56,0.2259,0.0040
128363-171784,128363-179762,128363-188464,128363-145334,128363-203761,128363-12341,128363-171770,128363-171795,128363-157811,301.20,58900,18.94,394.15,5.3416,0.0313
128363-145331,128363-179762,128363-145323,128363-213216,128363-203761,128363-12341,128363-60021,128363-58462,128363-157825,323.20,59900,21.74,415.36,18.3333,0.1037
128363-179762,128363-145331,128363-12341,128363-58462,128363-171672,128363-110356,128363-188422,128363-84695,128363-145304,295.10,59600,11.32,385.17,4.0325,0.0240
128363-49675,128363-203733,128363-228124,128363-179762,128363-80808,128363-84695,128363-60021,128363-80817,128363-157825,292.30,58700,9.29,385.68,3.7618,0.0210
128363-203798,128363-110312,128363-60021,128363-194829,128363-145323,128363-157850,128363-9714,128363-67026,128363-15557,294.00,59700,10.83,381.54,1.9381,0.0113
128363-203721,128363-203733,128363-68090,128363-80817,128363-84670,128363-157826,128363-171795,128363-80808,128363-188451,278.00,59100,6.32,365.86,4.5752,0.0133
128363-179762,128363-145323,128363-188464,128363-84667,128363-157833,128363-203761,128363-80817,128363-58462,128363-157825,322.30,59900,24.86,417.64,12.2873,0.0963
128363-179762,128363-228161,128363-171795,128363-157833,128363-157850,128363-203802,128363-67026,128363-145334,128363-58378,295.20,59300,11.44,375.92,1.0962,0.0123
128363-84667,128363-157850,128363-145323,128363-188464,128363-171770,128363-84670,128363-80817,128363-60021,128363-203771,310.20,60000,16.81,407.09,4.9221,0.0427
128363-110312,128363-84667,128363-171784,128363-188464,128363-157822,128363-110357,128363-203761,128363-145314,128363-159097,307.60,60000,16.35,388.21,3.6231,0.0270
128363-145331,128363-171784,128363-179762,128363-145323,128363-58153,128363-157833,128363-12341,128363-70823,128363-159097,309.00,60000,17.19,395.67,6.4370,0.0417
128363-179762,128363-145323,128363-84667,128363-188464,128363-171795,128363-67026,128363-203761,128363-58462,128363-60021,323.00,59600,27.98,423.74,16.4057,0.1293
128363-110356,128363-203713,128363-171795,128363-58462,128363-228161,128363-228133,128363-84695,128363-9714,128363-228166,281.50,57600,6.38,351.62,1.2031,0.0030
128363-179762,128363-228168,128363-188422,128363-157833,128363-145323,128363-67026,128363-145341,128363-40562,128363-228166,287.80,58900,6.19,359.84,1.0472,0.0027
128363-145323,128363-84667,128363-188464,128363-157850,128363-67026,128363-171795,128363-80817,128363-194829,128363-60021,312.70,60000,23.37,419.02,24.1242,0.1143
128363-145323,128363-179762,128363-110357,128363-188464,128363-171795,128363-203761,128363-58462,128363-60021,128363-80817,321.80,60000,26.45,425.22,18.3266,0.1243
128363-145323,128363-179762,128363-84667,128363-188464,128363-157833,128363-84695,128363-203761,128363-171770,128363-60021,324.00,59900,21.73,413.82,14.2497,0.0933
128363-145331,128363-179762,128363-145323,128363-84667,128363-203761,128363-12341,128363-60021,128363-188449,128363-159097,308.90,57500,21.11,408.24,18.4259,0.0880
128363-171784,128363-228118,128363-9646,128363-58153,128363-188464,128363-9714,128363-80808,128363-179512,128363-80817,281.20,59900,6.46,366.27,3.7157,0.0140
128363-145331,128363-179762,128363-84667,128363-145323,128363-203761,128363-12341,128363-60021,128363-145314,128363-157825,320.40,60000,22.15,416.22,19.5188,0.1057
128363-188405,128363-84667,128363-228117,128363-68090,128363-145334,128363-203777,128363-157833,128363-158855,128363-145548,283.90,59900,5.07,357.03,2.2151,0.0060
128363-145323,128363-145331,128363-84667,128363-179762,128363-84670,128363-171795,128363-60021,128363-70823,128363-58462,316.10,59300,25.76,419.02,11.7698,0.1047
128363-145331,128363-171784,128363-145323,128363-188464,128363-171795,128363-145341,128363-60021,128363-58462,128363-157811,314.40,59800,18.61,410.59,8.0771,0.0663
128363-145331,128363-145323,128363-188424,128363-157908,128363-171784,128363-188464,128363-171769,128363-9714,128363-157825,286.50,59300,5.84,368.23,2.8353,0.0197
128363-158373,128363-203718,128363-80808,128363-58462,128363-110356,128363-171784,128363-188422,128363-203761,128363-157825,297.40,58100,10.90,368.33,1.2647,0.0057
128363-145331,128363-179762,128363-49675,128363-188464,128363-203761,128363-84695,128363-80817,128363-58462,128363-188451,316.70,60000,18.49,412.80,15.0677,0.0893
128363-84667,128363-145331,128363-58153,128363-188452,128363-157850,128363-67026,128363-49116,128363-158855,128363-203771,290.60,59100,10.30,376.96,3.2032,0.0243
128363-84667,128363-145331,128363-188464,128363-145323,128363-203761,128363-84695,128363-58462,128363-70823,128363-60021,326.50,59700,22.52,417.80,27.0114,0.1093
128363-228133,128363-110312,128363-171770,128363-188418,128363-228163,128363-9714,128363-40562,128363-203802,128363-228166,275.20,59600,4.45,340.32,0.2116,0.0023
128363-84667,128363-145323,128363-194829,128363-171795,128363-203713,128363-188405,128363-157822,128363-203761,128363-188451,302.90,59700,12.71,385.84,7.1892,0.0390
128363-203713,128363-145323,128363-194829,128363-145548,128363-67026,128363-20640,128363-171770,128363-157833,128363-157825,287.60,59400,7.81,369.75,2.1116,0.0113
128363-203718,128363-171784,128363-157822,128363-49116,128363-49675,128363-110312,128363-9714,128363-84695,128363-70823,290.80,58300,11.39,362.79,1.4440,0.0063
128363-110312,128363-49675,128363-68090,128363-194829,128363-110357,128363-203713,128363-203802,128363-67026,128363-157825,286.20,59000,10.73,365.19,2.3530,0.0143
128363-179762,128363-145331,128363-145334,128363-49675,128363-188452,128363-188449,128363-58462,128363-60021,128363-15557,300.00,60000,14.34,401.14,6.1713,0.0407
128363-203789,128363-157850,128363-188444,128363-171770,128363-67026,128363-84670,128363-40562,128363-203802,128363-157811,276.80,59800,4.64,345.61,1.6330,0.0067
128363-110312,128363-203721,128363-145308,128363-157833,128363-145323,128363-110357,128363-203761,128363-12341,128363-158137,291.20,59600,6.52,368.89,0.3642,0.0043
128363-179762,128363-145323,128363-203718,128363-110356,128363-67026,128363-40562,128363-203761,128363-171795,128363-60021,309.20,58800,20.91,397.94,2.8223,0.0267
128363-203718,128363-157850,128363-67026,128363-84667,128363-203761,128363-188449,128363-70823,128363-80817,128363-60021,308.00,59900,18.43,404.40,9.0326,0.0683
128363-171784,128363-179762,128363-213216,128363-9714,128363-203761,128363-110357,128363-70823,128363-157833,128363-58462,307.50,59900,15.60,386.19,3.6055,0.0213
128363-179762,128363-158373,128363-110312,128363-188464,128363-9646,128363-171795,128363-203761,128363-80808,128363-58462,310.90,59900,15.74,397.32,5.1375,0.0457
128363-110312,128363-203713,128363-171795,128363-9646,128363-84667,128363-228124,128363-9714,128363-12341,128363-145548,280.90,60000,6.98,371.82,3.3775,0.0143
128363-84667,128363-145323,128363-179762,128363-110312,128363-12341,128363-203761,128363-58462,128363-60021,128363-188451,319.50,60000,22.88,417.52,14.5514,0.0967
128363-145331,128363-179762,128363-145323,128363-203718,128363-157822,128363-84695,128363-60021,128363-70823,128363-58462,321.70,60000,21.30,409.86,12.1147,0.0727
128363-157812,128363-157850,128363-49116,128363-157908,128363-110312,128363-110356,128363-233146,128363-228117,128363-60021,281.60,59900,5.31,360.82,1.3565,0.0037
128363-188405,128363-203718,128363-188449,128363-60021,128363-110356,128363-145334,128363-188452,128363-67026,128363-70823,290.90,58700,13.03,373.80,0.9433,0.0113
128363-188405,128363-158373,128363-171769,128363-188452,128363-9714,128363-203802,128363-145308,128363-157833,128363-157908,278.10,59500,3.31,337.82,1.0447,0.0017
128363-110312,128363-145331,128363-145323,128363-213216,128363-188418,128363-188452,128363-157833,128363-60021,128363-159097,311.50,60000,13.34,392.84,4.6992,0.0350
128363-49675,128363-84667,128363-157908,128363-9646,128363-213216,128363-203715,128363-49116,128363-171795,128363-145304,277.10,59500,4.87,359.47,2.1179,0.0113
128363-145331,128363-19067,128363-188444,128363-157833,128363-20640,128363-213216,128363-80808,128363-84670,128363-228700,283.40,59800,3.72,349.68,1.2236,0.0043
128363-179762,128363-145323,128363-145334,128363-203718,128363-68090,128363-157833,128363-188418,128363-60021,128363-58462,312.40,59800,17.07,398.06,7.0924,0.0410
128363-188405,128363-145331,128363-60021,128363-194829,128363-203777,128363-145323,128363-145334,128363-84695,128363-188451,300.00,59000,9.27,381.59,3.1429,0.0257
128363-145323,128363-179762,128363-84667,128363-188464,128363-12341,128363-84695,128363-157833,128363-80817,128363-60021,320.00,59700,22.61,419.34,14.3637,0.0950
128363-84719,128363-145331,128363-171767,128363-12341,128363-110357,128363-145323,128363-203802,128363-84695,128363-157811,280.00,57500,5.54,352.16,0.3587,0.0027
128363-145323,128363-158373,128363-171767,128363-171770,128363-110357,128363-84670,128363-145341,128363-157822,128363-145548,287.10,58000,6.61,356.65,0.1115,0.0010
128363-145323,128363-179762,128363-188405,128363-213216,128363-203761,128363-171770,128363-60021,128363-12341,128363-70823,313.00,59800,16.71,397.36,6.4005,0.0450
128363-49675,128363-158373,128363-188416,128363-80808,128363-228161,128363-145334,128363-203761,128363-40562,128363-228166,290.50,59400,5.37,349.78,0.1643,0.0027
128363-145331,128363-179762,128363-158855,128363-60021,128363-188464,128363-145334,128363-203761,128363-157833,128363-157825,320.00,59800,21.07,411.04,14.4777,0.0790
128363-179762,128363-145331,128363-19067,128363-84667,128363-12341,128363-84695,128363-171795,128363-157833,128363-188451,308.30,59800,17.32,401.16,8.1806,0.0543
128363-171784,128363-110312,128363-58462,128363-188422,128363-49675,128363-9714,128363-188452,128363-171795,128363-228122,290.80,59900,9.50,370.81,1.0640,0.0107
128363-157850,128363-171784,128363-145308,128363-171770,128363-188464,128363-9714,128363-49116,128363-157833,128363-55059,277.00,59100,5.71,360.05,2.0948,0.0103
128363-49675,128363-158373,128363-84667,128363-145334,128363-157822,128363-203761,128363-80817,128363-194829,128363-159097,308.10,60000,12.33,385.78,3.1089,0.0217
128363-188410,128363-145323,128363-157833,128363-80817,128363-228161,128363-171784,128363-171770,128363-203802,128363-70823,297.50,59800,8.81,370.03,1.6175,0.0080
128363-203721,128363-80816,128363-49116,128363-145314,128363-145334,128363-203713,128363-84670,128363-12341,128363-60021,279.80,59000,5.70,364.53,1.9951,0.0090
128363-145331,128363-145323,128363-58462,128363-203761,128363-19067,128363-145334,128363-203716,128363-233146,128363-158137,288.40,59500,4.93,365.40,1.6355,0.0073
128363-19067,128363-157850,128363-60021,128363-171925,128363-228133,128363-80816,128363-80808,128363-145341,128363-157811,276.90,58500,5.63,359.05,1.1826,0.0037
128363-158373,128363-80816,128363-12341,128363-228117,128363-145334,128363-188410,128363-157826,128363-157833,128363-60021,285.60,59500,3.44,356.95,1.7571,0.0050
128363-145323,128363-145331,128363-70823,128363-12341,128363-228161,128363-84667,128363-110357,128363-171770,128363-203771,304.80,59900,13.95,388.49,4.7947,0.0310
128363-179762,128363-49675,128363-171784,128363-84667,128363-203761,128363-145341,128363-80817,128363-171795,128363-58462,309.60,59900,17.67,404.86,5.1819,0.0353
128363-145331,128363-171784,128363-188452,128363-171769,128363-84667,128363-228133,128363-203802,128363-12341,128363-157825,288.90,59100,8.82,372.27,1.1616,0.0087
128363-110356,128363-179762,128363-188449,128363-171795,128363-171784,128363-188405,128363-84670,128363-9646,128363-60021,293.90,59200,14.36,385.23,2.3936,0.0163
128363-179762,128363-203721,128363-70823,128363-58462,128363-203718,128363-145334,128363-40562,128363-67026,128363-60021,297.00,58100,14.82,385.42,1.9163,0.0167
128363-49675,128363-228133,128363-179512,128363-70823,128363-145323,128363-203798,128363-12341,128363-9646,128363-157825,275.30,57400,7.07,356.40,1.0941,0.0037
128363-80816,128363-228161,128363-203761,128363-58462,128363-19067,128363-49675,128363-84695,128363-171770,128363-70823,295.80,58700,8.66,366.04,1.5978,0.0060
128363-171784,128363-145331,128363-213216,128363-179762,128363-157822,128363-203761,128363-60021,128363-49116,128363-203771,314.00,60000,13.34,393.49,4.1088,0.0257
128363-84667,128363-145331,128363-145308,128363-12341,128363-145323,128363-67026,128363-228151,128363-110357,128363-157825,293.00,59900,9.37,378.42,1.0644,0.0103
128363-145323,128363-228161,128363-40562,128363-58462,128363-228120,128363-145334,128363-171770,128363-58153,128363-228166,287.90,60000,6.19,357.50,1.3443,0.0053
128363-145331,128363-19067,128363-157833,128363-60021,128363-179762,128363-188464,128363-58153,128363-12341,128363-157825,312.50,59700,19.77,404.55,10.5990,0.0663
128363-203718,128363-84667,128363-157826,128363-188464,128363-203761,128363-171770,128363-171795,128363-60021,128363-80817,309.80,60000,15.54,406.48,5.7984,0.0457
128363-157850,128363-145331,128363-171784,128363-145323,128363-203761,128363-12341,128363-158855,128363-194829,128363-159097,305.20,59400,16.51,395.04,4.9360,0.0380
128363-145323,128363-203777,128363-12341,128363-228122,128363-188464,128363-67026,128363-188422,128363-110357,128363-60021,295.80,59000,9.37,378.34,1.5936,0.0097
128363-145323,128363-145331,128363-188464,128363-84667,128363-84695,128363-12341,128363-58462,128363-158855,128363-145304,309.50,60000,16.13,404.57,9.3368,0.0637
128363-179762,128363-158373,128363-68090,128363-12341,128363-49675,128363-171672,128363-228117,128363-157822,128363-60021,293.50,57800,9.02,373.38,1.4558,0.0067
128363-145323,128363-145331,128363-203718,128363-188464,128363-157833,128363-203761,128363-58462,128363-145339,128363-188451,314.20,59700,19.54,405.96,10.2436,0.0577
128363-179762,128363-157850,128363-145323,128363-188464,128363-171795,128363-12341,128363-58462,128363-68090,128363-80817,307.60,59500,22.37,413.04,9.8652,0.0743
128363-179762,128363-145331,128363-145323,128363-188464,128363-84695,128363-157822,128363-80817,128363-60021,128363-188451,321.60,60000,19.88,416.96,22.7811,0.1003
128363-158373,128363-145331,128363-171784,128363-145323,128363-171795,128363-84670,128363-203761,128363-58462,128363-159097,315.00,60000,14.90,396.91,5.2796,0.0367
128363-110312,128363-145331,128363-171770,128363-203767,128363-145323,128363-228118,128363-228124,128363-84695,128363-58378,276.70,58700,4.87,361.44,1.3766,0.0050
128363-145331,128363-203733,128363-60021,128363-194829,128363-203727,128363-188464,128363-228124,128363-9714,128363-80817,288.20,58500,8.08,385.07,7.2851,0.0303
128363-203713,128363-203718,128363-58462,128363-145339,128363-84667,128363-9714,128363-68090,128363-171795,128363-157908,284.00,58900,9.61,372.07,1.8727,0.0127
128363-203798,128363-84667,128363-12341,128363-228122,128363-179762,128363-19067,128363-67026,128363-80808,128363-58378,292.80,60000,9.49,371.28,2.0709,0.0113
128363-84667,128363-49675,128363-157833,128363-171795,128363-203718,128363-188464,128363-84670,128363-158854,128363-157908,283.30,57500,10.31,372.30,1.9176,0.0117
128363-203733,128363-179762,128363-157822,128363-171769,128363-80816,128363-203798,128363-188416,128363-157833,128363-58378,274.30,58900,3.55,347.71,2.6601,0.0087
128363-110312,128363-171784,128363-157822,128363-194829,128363-179762,128363-145334,128363-67026,128363-203802,128363-70823,297.30,59400,15.20,375.48,2.0885,0.0097
128363-145331,128363-203713,128363-145314,128363-60021,128363-188405,128363-84670,128363-188452,128363-233146,128363-157825,289.50,58900,9.09,374.00,2.6945,0.0160
128363-157850,128363-145331,128363-179762,128363-188464,128363-203761,128363-67026,128363-60021,128363-70823,128363-15557,312.40,59700,19.05,411.00,13.2356,0.0670
128363-145323,128363-84667,128363-145334,128363-203718,128363-157833,128363-158855,128363-145339,128363-58462,128363-60021,309.60,59800,17.83,400.94,8.4878,0.0447
128363-84667,128363-145331,128363-145323,128363-179762,128363-84695,128363-12341,128363-60021,128363-58462,128363-188451,319.80,60000,20.80,420.00,25.7941,0.1217
128363-179762,128363-145331,128363-145323,128363-188464,128363-84695,128363-157833,128363-60021,128363-58462,128363-145548,320.10,59900,19.72,416.94,16.6073,0.0993
128363-84667,128363-145331,128363-68090,128363-80817,128363-179762,128363-188464,128363-171770,128363-171795,128363-157825,308.60,59400,22.01,411.96,10.6610,0.0863
128363-228133,128363-110312,128363-188449,128363-80817,128363-203798,128363-145323,128363-171770,128363-228127,128363-145548,278.40,59100,7.61,366.28,0.2200,0.0030
128363-145331,128363-20640,128363-60021,128363-80817,128363-145334,128363-19067,128363-158855,128363-58153,128363-70823,297.10,59600,9.16,379.22,2.2000,0.0140
128363-203718,128363-110356,128363-80808,128363-12341,128363-110312,128363-188464,128363-145334,128363-9714,128363-157811,294.00,59900,13.71,375.92,4.3807,0.0190
128363-228133,128363-203718,128363-194829,128363-188422,128363-84667,128363-213216,128363-157822,128363-157833,128363-145314,289.10,58000,10.63,365.30,1.5530,0.0067
128363-84667,128363-203718,128363-188418,128363-157822,128363-19067,128363-80816,128363-84670,128363-67026,128363-145314,288.10,59000,9.14,362.20,0.5997,0.0060
128363-179762,128363-203733,128363-110357,128363-213216,128363-157822,128363-12341,128363-171925,128363-157833,128363-228166,288.40,59900,8.45,367.26,3.2946,0.0167
128363-179762,128363-110312,128363-60021,128363-157822,128363-9714,128363-145323,128363-67026,128363-145341,128363-203771,308.70,59800,12.70,386.95,3.5238,0.0253
128363-188405,128363-145331,128363-188422,128363-70823,128363-67026,128363-188464,128363-110357,128363-188418,128363-157825,296.80,59200,12.85,378.94,2.8575,0.0253
128363-145323,128363-145331,128363-110312,128363-84667,128363-145334,128363-171795,128363-60021,128363-70823,128363-159097,315.10,60000,19.81,407.76,7.8953,0.0463
128363-145323,128363-84667,128363-188464,128363-213216,128363-171770,128363-145334,128363-58462,128363-60021,128363-58378,311.60,59700,16.14,400.70,8.4019,0.0403
128363-49675,128363-228161,128363-157822,128363-145339,128363-110357,128363-160182,128363-188452,128363-171770,128363-171767,279.70,59400,4.75,346.84,1.1184,0.0017
128363-145331,128363-157812,128363-12341,128363-68090,128363-203802,128363-67026,128363-188416,128363-188452,128363-159097,288.90,60000,7.05,367.78,1.8379,0.0117
128363-110312,128363-158373,128363-145304,128363-157833,128363-110357,128363-171672,128363-9714,128363-68090,128363-157811,288.10,59800,8.05,361.80,2.8625,0.0120
128363-80816,128363-203733,128363-203761,128363-171795,128363-84667,128363-110312,128363-228127,128363-145334,128363-145304,281.30,58900,7.26,366.71,2.0714,0.0037
128363-145331,128363-228161,128363-161552,128363-194829,128363-80816,128363-203727,128363-157833,128363-49116,128363-80817,281.00,58200,5.18,364.12,2.2528,0.0090
128363-157850,128363-145331,128363-179762,128363-84667,128363-171795,128363-84695,128363-157833,128363-194829,128363-60021,314.60,60000,20.96,416.28,18.7008,0.1000
128363-84667,128363-179762,128363-188464,128363-145323,128363-171795,128363-12341,128363-60021,128363-58462,128363-80817,317.20,59300,27.65,428.40,19.6328,0.1280
128363-19067,128363-145331,128363-188464,128363-84667,128363-158855,128363-12341,128363-58462,128363-194829,128363-60021,311.60,59900,21.06,412.40,12.2756,0.0917
128363-188405,128363-157850,128363-203761,128363-188449,128363-171672,128363-49675,128363-188418,128363-171770,128363-228166,287.20,60000,8.09,365.40,1.4151,0.0047
128363-158373,128363-110312,128363-58462,128363-157833,128363-49675,128363-20640,128363-171795,128363-228127,128363-84676,289.20,59000,6.61,364.86,2.1682,0.0117
128363-203721,128363-228120,128363-145548,128363-157822,128363-228127,128363-84667,128363-157833,128363-12341,128363-228122,278.60,59100,4.76,355.39,0.8205,0.0080
128363-145331,128363-228161,128363-171795,128363-80808,128363-110312,128363-145323,128363-12341,128363-84695,128363-159097,307.60,59900,13.26,390.06,2.9488,0.0237
128363-19067,128363-228133,128363-145314,128363-171795,128363-67026,128363-228127,128363-49116,128363-145341,128363-60021,288.00,59500,7.91,370.87,1.3087,0.0057
128363-110356,128363-84667,128363-158854,128363-228117,128363-67026,128363-213216,128363-157833,128363-228127,128363-58378,278.80,58700,4.46,350.78,0.4237,0.0027
128363-84667,128363-188405,128363-58462,128363-188422,128363-228127,128363-145334,128363-203802,128363-203761,128363-145548,288.60,59100,7.73,364.80,0.3704,0.0023
128363-145331,128363-84667,128363-145323,128363-188464,128363-188452,128363-145334,128363-60021,128363-58462,128363-157825,317.80,60000,22.15,413.90,13.5499,0.0817
128363-84667,128363-145323,128363-67026,128363-179762,128363-171795,128363-203761,128363-58462,128363-60021,128363-159097,322.00,60000,23.42,418.80,21.4682,0.1197
128363-179762,128363-145331,128363-145323,128363-84667,128363-188449,128363-12341,128363-80817,128363-60021,128363-15557,308.40,60000,18.08,417.64,25.3901,0.1117
128363-145331,128363-84667,128363-145334,128363-179762,128363-145341,128363-203761,128363-145339,128363-58462,128363-60021,313.70,59700,17.49,408.63,15.9087,0.0767
128363-179762,128363-158373,128363-171784,128363-203718,128363-67026,128363-157833,128363-60021,128363-203761,128363-84676,313.80,59500,14.35,389.89,3.3905,0.0260
128363-145331,128363-157812,128363-157908,128363-157904,128363-213216,128363-228133,128363-203761,128363-188444,128363-188451,278.40,58700,3.54,348.02,1.2266,0.0043
128363-145323,128363-145331,128363-179762,128363-84667,128363-203761,128363-84695,128363-70823,128363-58462,128363-60021,325.30,59600,22.77,417.52,25.0741,0.1127
128363-145331,128363-179762,128363-84667,128363-145323,128363-203761,128363-188452,128363-60021,128363-80817,128363-157825,321.40,60000,23.33,419.66,23.8840,0.1287
128363-158373,128363-228133,128363-68090,128363-80817,128363-67026,128363-203727,128363-110357,128363-228124,128363-171925,277.90,59700,4.33,356.27,2.0567,0.0107
128363-228161,128363-157812,128363-49116,128363-68090,128363-203727,128363-203715,128363-67026,128363-157833,128363-80817,282.80,59300,4.00,354.62,3.4877,0.0130
128363-203733,128363-145323,128363-12341,128363-60021,128363-110357,128363-19067,128363-233146,128363-203761,128363-157811,293.60,58400,12.67,377.22,1.7030,0.0077
128363-84667,128363-188410,128363-145323,128363-188464,128363-80808,128363-157833,128363-60021,128363-203761,128363-70823,315.00,59800,15.69,399.73,8.6961,0.0500
128363-179762,128363-145331,128363-145323,128363-188464,128363-203761,128363-157833,128363-171795,128363-194829,128363-60021,322.60,59500,26.93,422.74,23.6418,0.1337
128363-145323,128363-145331,128363-179762,128363-188464,128363-110357,128363-12341,128363-145548,128363-60021,128363-58462,314.00,60000,23.07,419.70,20.4525,0.1130
128363-158373,128363-145331,128363-80808,128363-228122,128363-9714,128363-84667,128363-145334,128363-228127,128363-157825,293.00,58900,6.97,362.94,2.3064,0.0067
128363-145331,128363-179762,128363-157908,128363-157833,128363-228161,128363-80816,128363-188444,128363-203802,128363-84676,287.50,59500,4.57,357.66,1.1063,0.0030
128363-203718,128363-84667,128363-171784,128363-179762,128363-145334,128363-157833,128363-203761,128363-70823,128363-58462,312.20,59800,20.41,396.81,7.7964,0.0403
128363-110356,128363-49675,128363-158855,128363-9646,128363-213216,128363-67026,128363-233146,128363-203802,128363-80817,288.40,59800,8.47,363.40,2.3768,0.0140
128363-157850,128363-158373,128363-12341,128363-145548,128363-145323,128363-145335,128363-80808,128363-145576,128363-80817,275.00,58800,5.27,359.10,1.3384,0.0053
128363-19067,128363-110356,128363-145304,128363-145548,128363-203802,128363-49675,128363-12341,128363-9646,128363-15557,276.10,59600,6.63,356.13,1.6418,0.0060
128363-145331,128363-157850,128363-84667,128363-179762,128363-188449,128363-203761,128363-58462,128363-60021,128363-159097,313.30,59500,19.97,415.28,21.1573,0.0943
128363-203718,128363-110312,128363-203716,128363-157833,128363-80816,128363-110356,128363-203761,128363-68090,128363-161552,276.10,58000,4.70,349.78,0.1291,0.0023
128363-84667,128363-110312,128363-70823,128363-58462,128363-171784,128363-49675,128363-203761,128363-49116,128363-159097,304.20,59700,15.05,388.33,4.3191,0.0213
128363-145331,128363-158373,128363-179762,128363-84667,128363-157833,128363-145341,128363-60021,128363-80817,128363-157825,316.50,59500,14.87,407.17,9.1017,0.0540
128363-179762,128363-145331,128363-49675,128363-213216,128363-80808,128363-158855,128363-171795,128363-68090,128363-60021,307.30,60000,15.76,399.95,7.4247,0.0367
128363-158373,128363-145331,128363-188464,128363-110356,128363-9646,128363-49116,128363-188444,128363-68090,128363-145304,290.70,60000,5.83,366.20,3.8691,0.0193
128363-179762,128363-84667,128363-188416,128363-158855,128363-228161,128363-171784,128363-157833,128363-80808,128363-60021,301.10,59300,10.95,384.93,2.3877,0.0170
128363-145323,128363-228161,128363-157822,128363-157908,128363-67026,128363-9714,128363-49116,128363-233146,128363-203771,289.70,60000,6.46,355.19,0.6675,0.0067
128363-145323,128363-145331,128363-171770,128363-80808,128363-203798,128363-228124,128363-84695,128363-233146,128363-188451,289.40,60000,6.38,370.04,3.8598,0.0133
128363-80816,128363-145331,128363-228122,128363-158855,128363-188464,128363-145334,128363-171795,128363-80808,128363-145304,291.30,59900,7.65,377.21,4.8777,0.0217
128363-145323,128363-179762,128363-203718,128363-110312,128363-110357,128363-145334,128363-171770,128363-49116,128363-60021,304.20,59800,17.64,393.96,4.1582,0.0283
128363-179762,128363-145331,128363-228127,128363-188464,128363-67026,128363-58153,128363-80817,128363-60021,128363-188451,306.20,59800,14.94,405.73,10.5487,0.0620
128363-171784,128363-145331,128363-188464,128363-84667,128363-203761,128363-171795,128363-60021,128363-145304,128363-159097,313.60,59800,17.99,410.45,12.0112,0.0687
128363-145323,128363-145331,128363-84667,128363-179762,128363-203761,128363-188452,128363-60021,128363-145339,128363-80817,316.10,60000,21.73,417.80,32.0286,0.1317
128363-188410,128363-49675,128363-157822,128363-157833,128363-145334,128363-213216,128363-157826,128363-84695,128363-157825,287.60,58100,6.11,349.63,1.3741,0.0040
128363-188405,128363-203718,128363-60021,128363-58462,128363-171784,128363-161490,128363-171769,128363-171770,128363-159097,289.90,59700,6.26,371.85,1.3053,0.0070
128363-145331,128363-145323,128363-58462,128363-158855,128363-9714,128363-213216,128363-157822,128363-84695,128363-157825,308.60,59300,12.45,382.44,7.5697,0.0327
128363-145323,128363-158373,128363-58462,128363-228117,128363-188405,128363-213216,128363-203761,128363-157833,128363-203771,307.50,59600,6.48,368.69,1.8120,0.0093
128363-145331,128363-179762,128363-84667,128363-188464,128363-188449,128363-171795,128363-60021,128363-80817,128363-58462,313.10,59300,24.91,427.88,20.4952,0.1347
128363-145331,128363-179762,128363-84667,128363-145323,128363-203761,128363-171770,128363-60021,128363-194829,128363-157825,318.50,59400,23.93,415.30,14.9537,0.0990
128363-110312,128363-84667,128363-179762,128363-145323,128363-68090,128363-203761,128363-80817,128363-58462,128363-159097,315.50,59900,19.62,406.60,13.0491,0.0613
128363-110356,128363-145331,128363-179762,128363-188464,128363-171795,128363-203761,128363-60021,128363-157822,128363-157825,320.60,59900,23.79,413.26,15.7000,0.0917
128363-179762,128363-145323,128363-171784,128363-145334,128363-157833,128363-40562,128363-60021,128363-171795,128363-159097,310.40,59900,17.74,399.28,7.8504,0.0487
128363-188405,128363-145331,128363-203718,128363-179762,128363-110357,128363-84695,128363-58462,128363-60021,128363-157825,311.50,59300,18.27,401.78,8.2804,0.0520
128363-145331,128363-49675,128363-58153,128363-203761,128363-179762,128363-203718,128363-188444,128363-157822,128363-15557,295.90,58900,8.98,374.97,1.8794,0.0107
128363-203733,128363-110312,128363-49116,128363-70823,128363-110356,128363-84667,128363-171770,128363-110357,128363-158137,277.30,58700,6.98,361.86,1.4973,0.0060
128363-49675,128363-157850,128363-157822,128363-188418,128363-145323,128363-110356,128363-158855,128363-68090,128363-70823,294.10,59100,11.97,369.40,1.1679,0.0040
128363-145331,128363-158373,128363-80817,128363-158855,128363-110356,128363-203715,128363-49116,128363-203761,128363-145304,292.80,60000,5.27,371.99,2.4766,0.0177
128363-158373,128363-228133,128363-80817,128363-145314,128363-228118,128363-213216,128363-68090,128363-67026,128363-60021,295.30,59300,8.18,374.27,2.0936,0.0133
128363-145323,128363-84667,128363-203718,128363-179762,128363-203761,128363-12341,128363-157833,128363-171795,128363-60021,318.40,59300,25.51,415.04,14.3771,0.0897
128363-157850,128363-179762,128363-60021,128363-157851,128363-67026,128363-19067,128363-203761,128363-233146,128363-70823,287.50,57000,11.30,370.84,1.1469,0.0040
128363-145323,128363-228161,128363-80817,128363-157908,128363-213216,128363-203727,128363-9646,128363-203761,128363-157825,293.90,57900,7.59,361.38,2.1560,0.0127
128363-80816,128363-203718,128363-40562,128363-145314,128363-19067,128363-49675,128363-157833,128363-188416,128363-15557,275.50,58700,5.36,351.30,1.3770,0.0050
128363-171784,128363-145331,128363-179762,128363-188464,128363-203761,128363-171795,128363-60021,128363-58462,128363-70823,319.80,59400,25.86,420.07,18.4628,0.0953
128363-157850,128363-19067,128363-203761,128363-58462,128363-188464,128363-145334,128363-84670,128363-68090,128363-84676,299.80,59100,13.49,377.08,3.6424,0.0237
128363-49675,128363-188405,128363-158855,128363-58462,128363-228133,128363-110312,128363-84695,128363-228117,128363-203771,291.90,60000,6.20,364.33,2.3203,0.0167
128363-145323,128363-84667,128363-171784,128363-110312,128363-12341,128363-145341,128363-203761,128363-60021,128363-157811,311.90,59900,16.53,397.92,4.7436,0.0320
128363-145331,128363-171784,128363-157833,128363-188418,128363-157850,128363-213216,128363-58153,128363-84695,128363-157825,294.20,57500,9.97,366.83,3.1739,0.0157
128363-157850,128363-157812,128363-60021,128363-12341,128363-80816,128363-228133,128363-157822,128363-84695,128363-203771,292.20,59500,6.51,371.19,2.6266,0.0113
128363-188405,128363-145331,128363-58462,128363-203761,128363-203718,128363-145323,128363-188444,128363-84695,128363-203771,309.30,59800,8.44,380.81,3.0704,0.0170
128363-145323,128363-145331,128363-171784,128363-188464,128363-203761,128363-49116,128363-145339,128363-171795,128363-58462,309.80,59900,18.67,405.25,7.4670,0.0453
128363-110312,128363-145323,128363-80817,128363-233073,128363-9714,128363-19067,128363-110357,128363-145334,128363-157825,289.50,59600,8.51,363.74,1.1704,0.0050
128363-203718,128363-145331,128363-188464,128363-84667,128363-171795,128363-157833,128363-188418,128363-60021,128363-145304,310.00,60000,16.91,407.47,7.8379,0.0617
128363-145323,128363-179762,128363-110357,128363-188464,128363-203761,128363-12341,128363-157822,128363-58462,128363-188451,314.10,59800,21.97,405.92,8.6093,0.0620
128363-145331,128363-179762,128363-84667,128363-145323,128363-171795,128363-68090,128363-80817,128363-194829,128363-60021,315.00,59700,23.86,421.15,13.8654,0.1063
128363-145331,128363-84667,128363-68090,128363-12341,128363-228163,128363-228133,128363-84695,128363-110357,128363-161552,285.60,59500,6.54,367.62,2.2536,0.0123
128363-179762,128363-84667,128363-171784,128363-188464,128363-84695,128363-157833,128363-203761,128363-60021,128363-58462,323.50,59900,22.01,414.81,13.9798,0.0800
128363-157850,128363-158373,128363-80817,128363-157833,128363-188464,128363-228118,128363-40562,128363-9714,128363-157811,288.70,58400,9.76,372.36,3.5632,0.0153
128363-179762,128363-145331,128363-203713,128363-145323,128363-203761,128363-12341,128363-60021,128363-171795,128363-203771,314.30,59900,15.54,407.91,10.2164,0.0697
128363-49675,128363-157812,128363-58462,128363-80817,128363-84670,128363-228133,128363-228163,128363-145341,128363-58378,279.20,58800,5.31,359.66,2.3685,0.0067
128363-19067,128363-158373,128363-58462,128363-68090,128363-157850,128363-145335,128363-228127,128363-157822,128363-159097,291.40,59900,7.06,360.46,2.5679,0.0107
128363-179762,128363-145323,128363-203713,128363-188464,128363-84695,128363-157833,128363-203761,128363-60021,128363-80817,319.80,59900,16.33,408.94,11.9852,0.0707
128363-188405,128363-203713,128363-68090,128363-60021,128363-188464,128363-228124,128363-84695,128363-157833,128363-145548,290.70,59000,6.62,373.39,2.9442,0.0210
128363-145323,128363-19067,128363-179762,128363-188464,128363-157822,128363-203761,128363-60021,128363-157833,128363-159097,322.60,60000,20.43,403.90,12.3154,0.0510
128363-145331,128363-145323,128363-12341,128363-145548,128363-110312,128363-110357,128363-228127,128363-188418,128363-15557,283.90,58500,9.16,373.94,2.2675,0.0203
128363-203721,128363-188405,128363-9646,128363-80808,128363-157826,128363-188464,128363-12341,128363-145341,128363-157846,282.00,59800,4.77,358.57,0.9646,0.0090
128363-110312,128363-49675,128363-60021,128363-188444,128363-157850,128363-145335,128363-84695,128363-228127,128363-145314,285.10,59300,5.58,364.08,1.5534,0.0060
128363-228118,128363-158373,128363-145314,128363-9646,128363-157850,128363-171672,128363-158855,128363-171770,128363-58462,283.30,58600,7.69,365.32,1.5999,0.0137
128363-203777,128363-84667,128363-60021,128363-58462,128363-228161,128363-188464,128363-171770,128363-157833,128363-159097,307.40,59900,11.00,393.02,5.2888,0.0267
128363-80816,128363-203777,128363-157851,128363-145314,128363-67026,128363-84667,128363-233146,128363-157833,128363-58378,275.40,60000,4.06,352.56,0.6470,0.0067
128363-145323,128363-145331,128363-188464,128363-179762,128363-171795,128363-12341,128363-194829,128363-157833,128363-60021,318.70,60000,27.02,424.81,29.8307,0.1543
128363-145331,128363-179762,128363-145323,128363-188464,128363-110357,128363-203761,128363-145339,128363-80817,128363-60021,317.30,59700,24.02,419.56,15.9343,0.1087
128363-145331,128363-157850,128363-84667,128363-179762,128363-84695,128363-203761,128363-60021,128363-58462,128363-203771,320.30,60000,17.16,412.77,10.2709,0.0707
128363-110312,128363-171784,128363-157833,128363-171770,128363-9714,128363-171672,128363-188449,128363-188456,128363-157825,275.90,57900,7.29,357.13,1.1821,0.0050
128363-179762,128363-145331,128363-228122,128363-145339,128363-80816,128363-67026,128363-110357,128363-9646,128363-157825,290.00,59200,9.55,375.44,2.7586,0.0217
128363-203733,128363-157812,128363-58462,128363-188416,128363-188405,128363-188464,128363-12341,128363-158854,128363-80817,279.00,59200,4.98,367.39,2.1267,0.0150
128363-145323,128363-203733,128363-80817,128363-145314,128363-67026,128363-188464,128363-188422,128363-84689,128363-58462,282.90,60000,7.22,370.98,3.3180,0.0163
128363-228160,128363-179762,128363-157904,128363-58462,128363-67026,128363-84667,128363-188452,128363-80808,128363-60021,291.90,60000,7.88,378.74,1.2764,0.0113
128363-145323,128363-145331,128363-58153,128363-40562,128363-213216,128363-171784,128363-110357,128363-68090,128363-58378,296.30,59700,11.18,371.67,4.2663,0.0170
128363-179762,128363-145323,128363-157850,128363-203718,128363-157833,128363-203761,128363-80817,128363-60021,128363-157825,319.70,60000,21.96,412.62,12.8182,0.0757
128363-145331,128363-203718,128363-145548,128363-145304,128363-157850,128363-145334,128363-9646,128363-158855,128363-70823,285.20,58900,10.14,372.53,1.8761,0.0110
128363-145323,128363-179762,128363-84667,128363-67026,128363-158855,128363-12341,128363-60021,128363-80817,128363-188451,311.90,60000,19.84,414.54,18.0857,0.0900
128363-203798,128363-188405,128363-60021,128363-145339,128363-110312,128363-228133,128363-157833,128363-188456,128363-228700,277.40,59600,4.24,355.18,0.9563,0.0023
128363-145323,128363-145331,128363-188464,128363-84667,128363-157822,128363-203761,128363-145339,128363-60021,128363-157825,320.90,59800,22.58,412.36,17.5686,0.0923
128363-110312,128363-158373,128363-12341,128363-203761,128363-203802,128363-160022,128363-67026,128363-157833,128363-145548,294.00,59800,7.29,366.88,1.6385,0.0090
128363-145331,128363-203733,128363-49116,128363-58462,128363-84667,128363-188464,128363-12341,128363-188452,128363-157825,295.10,58600,15.39,394.30,4.9586,0.0327
128363-228133,128363-203718,128363-203761,128363-158855,128363-145334,128363-145323,128363-12341,128363-157822,128363-161552,296.40,59500,10.23,372.34,1.4231,0.0083
128363-179762,128363-145331,128363-203718,128363-145323,128363-12341,128363-171795,128363-80817,128363-188452,128363-60021,313.30,60000,23.49,419.24,15.9217,0.1010
128363-145331,128363-158373,128363-171767,128363-171769,128363-157850,128363-188405,128363-188449,128363-171770,128363-203787,276.20,59800,3.22,352.14,0.4496,0.0050
128363-84667,128363-145331,128363-188464,128363-179762,128363-203761,128363-84670,128363-171795,128363-80817,128363-60021,320.20,59800,26.10,426.28,17.7613,0.1210
128363-84667,128363-145331,128363-203718,128363-179762,128363-188449,128363-12341,128363-60021,128363-70823,128363-58462,301.00,57000,22.82,406.28,7.5408,0.0610
128363-84667,128363-179762,128363-188416,128363-171770,128363-188464,128363-67026,128363-68090,128363-9646,128363-159097,295.80,59300,11.75,383.42,1.9792,0.0117
128363-171784,128363-158373,128363-145323,128363-179762,128363-157833,128363-145341,128363-203761,128363-60021,128363-58462,320.40,59700,14.65,400.08,9.9758,0.0483
128363-145331,128363-179762,128363-203718,128363-188464,128363-157833,128363-171795,128363-70823,128363-80817,128363-60021,316.40,59400,25.26,420.44,14.2363,0.1040
128363-145331,128363-203733,128363-68090,128363-80808,128363-213216,128363-84667,128363-233146,128363-157833,128363-203787,285.30,60000,6.94,365.86,1.5886,0.0060
128363-84667,128363-145331,128363-145308,128363-12341,128363-110312,128363-188464,128363-228117,128363-110357,128363-15557,284.40,57700,9.01,375.96,2.9354,0.0203
128363-145323,128363-84667,128363-203727,128363-188464,128363-188452,128363-12341,128363-58462,128363-60021,128363-80817,311.00,59900,17.35,411.46,7.3945,0.0593
128363-80816,128363-171784,128363-40562,128363-188422,128363-67026,128363-188464,128363-12341,128363-158855,128363-157846,276.60,57300,7.44,361.14,2.4217,0.0067
128363-228168,128363-188405,128363-203761,128363-40562,128363-213216,128363-67026,128363-12341,128363-228127,128363-70823,288.10,59900,6.01,358.16,0.4144,0.0037
128363-49675,128363-80816,128363-58153,128363-171795,128363-188405,128363-203713,128363-49116,128363-110357,128363-84676,274.60,58700,5.69,352.41,0.7409,0.0087
128363-203713,128363-110312,128363-68090,128363-194829,128363-84670,128363-203727,128363-12341,128363-157833,128363-70823,286.20,58700,9.75,367.33,1.6791,0.0093
128363-179762,128363-145331,128363-188464,128363-84667,128363-12341,128363-203761,128363-58462,128363-60021,128363-159097,323.50,60000,24.97,426.10,37.7646,0.1493
128363-145331,128363-179762,128363-84667,128363-188464,128363-80808,128363-171795,128363-60021,128363-194829,128363-58462,316.30,60000,25.84,425.86,28.6545,0.1470
128363-145323,128363-179762,128363-84667,128363-188464,128363-157833,128363-203761,128363-70823,128363-171770,128363-60021,322.40,59900,24.60,415.44,24.2025,0.1060
128363-228161,128363-49675,128363-58462,128363-60021,128363-110312,128363-84667,128363-12341,128363-188452,128363-15557,299.80,59700,13.07,392.94,3.6704,0.0287
128363-228133,128363-145331,128363-188416,128363-188444,128363-84670,128363-203718,128363-203802,128363-80808,128363-15557,277.40,59000,4.55,354.25,2.5864,0.0093
128363-203718,128363-19067,128363-188464,128363-84670,128363-203761,128363-84695,128363-157833,128363-58462,128363-60021,314.80,59100,17.78,395.86,3.6017,0.0300
128363-179762,128363-145331,128363-84667,128363-188464,128363-157833,128363-188449,128363-158855,128363-60021,128363-80817,313.40,59900,21.31,420.20,12.5203,0.1007
128363-203789,128363-158373,128363-80808,128363-58462,128363-145334,128363-188405,128363-9646,128363-228151,128363-161552,274.90,59900,2.48,334.18,0.1027,0.0010
128363-228133,128363-145331,128363-203718,128363-228118,128363-40562,128363-171795,128363-58462,128363-70823,128363-60021,302.00,60000,15.72,397.91,6.1382,0.0450
128363-19067,128363-145331,128363-80817,128363-171795,128363-203727,128363-188405,128363-84670,128363-233146,128363-157846,288.40,59800,7.36,370.78,2.2792,0.0163
128363-145335,128363-203718,128363-171769,128363-70823,128363-188464,128363-188405,128363-67026,128363-40562,128363-60021,289.00,58200,8.88,369.42,1.6029,0.0083
128363-203718,128363-145331,128363-179762,128363-145323,128363-68090,128363-12341,128363-58462,128363-60021,128363-188451,315.10,59900,21.28,414.32,18.0542,0.1033
128363-145331,128363-179762,128363-145323,128363-188464,128363-145341,128363-157833,128363-60021,128363-80817,128363-159097,319.40,59600,18.71,415.95,14.1257,0.0900
128363-49675,128363-145331,128363-157822,128363-158855,128363-145323,128363-188464,128363-145341,128363-12341,128363-15557,302.40,59800,12.67,390.47,6.6570,0.0440
128363-179762,128363-228161,128363-40562,128363-80817,128363-49675,128363-171784,128363-68090,128363-84670,128363-58462,297.90,59800,13.71,383.70,3.7006,0.0270
128363-158373,128363-171784,128363-157822,128363-171770,128363-203777,128363-49675,128363-84695,128363-228124,128363-159097,284.40,58800,4.56,351.04,1.1298,0.0023
128363-228161,128363-171784,128363-157850,128363-145323,128363-80808,128363-84695,128363-80817,128363-60021,128363-188451,307.80,60000,11.85,392.23,4.0794,0.0237
128363-110312,128363-158373,128363-58462,128363-60021,128363-203798,128363-20640,128363-49116,128363-80808,128363-158137,277.60,57200,3.73,353.68,1.4067,0.0037
128363-203718,128363-171784,128363-145323,128363-84667,128363-84670,128363-84695,128363-203761,128363-157833,128363-60021,317.50,59600,18.42,397.85,4.1540,0.0380
128363-145331,128363-179762,128363-84667,128363-188464,128363-157822,128363-84695,128363-60021,128363-70823,128363-58462,321.40,59700,22.93,416.32,15.1586,0.0920
128363-157850,128363-145323,128363-84667,128363-188464,128363-203761,128363-171795,128363-58462,128363-68090,128363-60021,319.50,60000,22.99,417.15,13.4254,0.0817
128363-179762,128363-145331,128363-157850,128363-188464,128363-145334,128363-84695,128363-203761,128363-171795,128363-58462,313.10,59300,19.87,407.36,10.9103,0.0603
128363-145331,128363-203718,128363-179762,128363-228161,128363-12341,128363-203761,128363-171770,128363-60021,128363-84676,311.70,59500,15.91,397.84,6.7953,0.0397
128363-145335,128363-145323,128363-188452,128363-60021,128363-188464,128363-110312,128363-157833,128363-203761,128363-157825,311.60,59500,16.93,395.76,4.4348,0.0250
128363-145323,128363-179762,128363-203718,128363-84667,128363-12341,128363-157833,128363-60021,128363-70823,128363-80817,316.10,59800,23.90,415.08,13.4921,0.0897
128363-179762,128363-19067,128363-171784,128363-203798,128363-203761,128363-188452,128363-171770,128363-171795,128363-58462,298.70,59800,14.03,382.95,3.8686,0.0150
128363-145323,128363-84667,128363-188452,128363-58153,128363-110357,128363-49675,128363-179512,128363-157822,128363-228166,285.00,59300,7.81,362.93,1.5115,0.0090
128363-110312,128363-228161,128363-228117,128363-58153,128363-110357,128363-84670,128363-68090,128363-171795,128363-157908,278.10,58100,6.70,351.00,1.1712,0.0023
128363-80816,128363-157812,128363-58462,128363-40562,128363-19067,128363-110357,128363-9714,128363-84695,128363-58378,275.70,57300,5.96,348.21,1.5534,0.0070
128363-145323,128363-179762,128363-194829,128363-80808,128363-157850,128363-228161,128363-157833,128363-171770,128363-157825,300.10,59000,15.05,385.42,2.2993,0.0197
128363-145323,128363-145331,128363-179512,128363-228117,128363-80816,128363-84667,128363-110357,128363-84670,128363-157846,275.40,57700,4.47,360.74,1.8120,0.0093
128363-179762,128363-145331,128363-145323,128363-188464,128363-110357,128363-12341,128363-58462,128363-194829,128363-60021,316.60,59900,27.24,423.10,23.3041,0.1290
128363-145331,128363-179762,128363-145323,128363-84667,128363-158855,128363-12341,128363-80817,128363-145339,128363-60021,312.00,60000,21.28,419.12,25.3838,0.1213
128363-110312,128363-228168,128363-228117,128363-228122,128363-203713,128363-157850,128363-157822,128363-203761,128363-110359,275.40,59300,2.18,334.56,0.9035,0.0010
128363-110312,128363-203721,128363-194829,128363-145308,128363-228133,128363-110356,128363-157833,128363-80808,128363-15557,281.20,60000,6.54,360.78,1.7826,0.0100
128363-179762,128363-157850,128363-157833,128363-188422,128363-9714,128363-203718,128363-157826,128363-12341,128363-84676,280.20,57400,8.54,361.40,0.4379,0.0043
128363-19067,128363-110356,128363-68090,128363-70823,128363-171784,128363-228161,128363-67026,128363-188452,128363-80817,293.90,59900,11.35,366.98,1.5065,0.0050
128363-157850,128363-203721,128363-80817,128363-145304,128363-145323,128363-188405,128363-188422,128363-158855,128363-188451,282.40,58800,7.10,368.81,0.8993,0.0113
128363-179762,128363-145331,128363-110356,128363-157850,128363-171795,128363-158855,128363-80817,128363-60021,128363-159097,308.60,60000,17.67,411.24,9.6917,0.0583
128363-145331,128363-179762,128363-84667,128363-188464,128363-84695,128363-171795,128363-60021,128363-80817,128363-58462,321.80,60000,24.05,429.58,33.1714,0.1773
128363-145323,128363-158373,128363-67026,128363-84667,128363-80808,128363-203761,128363-60021,128363-70823,128363-159097,317.40,59900,14.44,395.98,9.5991,0.0467
128363-84667,128363-145331,128363-188464,128363-179762,128363-12341,128363-203761,128363-194829,128363-60021,128363-58462,321.00,59800,27.55,427.26,28.6981,0.1507
128363-84667,128363-145331,128363-84670,128363-179762,128363-203761,128363-171795,128363-80817,128363-194829,128363-60021,316.70,60000,24.09,422.50,18.8157,0.1080
128363-110356,128363-158373,128363-145339,128363-58462,128363-160182,128363-228133,128363-145334,128363-12341,128363-145304,281.00,59400,4.99,354.81,1.5329,0.0060
128363-110312,128363-145331,128363-68090,128363-188452,128363-228133,128363-80816,128363-203761,128363-58153,128363-203771,292.50,59800,7.62,367.95,1.9850,0.0117
128363-158373,128363-145331,128363-179762,128363-145323,128363-157822,128363-188418,128363-60021,128363-80817,128363-159097,317.50,59900,13.69,402.42,7.2118,0.0453
128363-110312,128363-203789,128363-171795,128363-80817,128363-171784,128363-213216,128363-9714,128363-157822,128363-84676,287.60,58600,7.15,354.91,1.3472,0.0057
128363-203721,128363-157850,128363-60021,128363-157822,128363-228161,128363-110312,128363-171795,128363-188416,128363-15557,284.30,57800,6.85,367.05,1.1947,0.0020
128363-228133,128363-19067,128363-145339,128363-9646,128363-188464,128363-110356,128363-157833,128363-110357,128363-145548,287.00,60000,10.90,369.56,3.0972,0.0150
128363-171784,128363-110312,128363-188444,128363-157833,128363-203777,128363-145323,128363-84695,128363-49116,128363-157811,287.10,58900,5.54,356.86,1.6066,0.0060
128363-145331,128363-179762,128363-84667,128363-188464,128363-171770,128363-171795,128363-60021,128363-12341,128363-188451,312.20,59600,23.44,422.14,29.0266,0.1303
128363-145323,128363-228133,128363-145314,128363-158855,128363-80816,128363-188464,128363-80808,128363-84670,128363-80817,290.50,59400,9.46,379.18,3.8598,0.0190
128363-158373,128363-157812,128363-203761,128363-58462,128363-171784,128363-84667,128363-188444,128363-157833,128363-171925,292.50,58700,5.34,363.95,1.3150,0.0040
128363-145323,128363-145331,128363-179762,128363-188464,128363-157833,128363-203761,128363-60021,128363-171795,128363-188451,324.70,60000,24.36,423.54,23.4373,0.1323
128363-158373,128363-145331,128363-70823,128363-9646,128363-228161,128363-49675,128363-49116,128363-158855,128363-80817,296.10,59300,8.62,373.80,2.2029,0.0137
128363-157832,128363-158373,128363-80817,128363-157822,128363-19067,128363-84670,128363-228127,128363-157833,128363-188451,290.80,60000,5.05,357.34,3.1127,0.0070
128363-203718,128363-157850,128363-171770,128363-60021,128363-188464,128363-49675,128363-228127,128363-9646,128363-70823,295.70,59400,13.55,386.44,2.6618,0.0177
128363-179762,128363-171784,128363-58462,128363-157822,128363-213216,128363-228161,128363-110357,128363-157833,128363-15557,301.20,59800,11.59,378.05,1.8648,0.0087
128363-145323,128363-145331,128363-84667,128363-188464,128363-203761,128363-158855,128363-80817,128363-60021,128363-188451,321.60,60000,20.53,420.40,21.0697,0.1210
128363-145323,128363-145331,128363-67026,128363-213216,128363-171795,128363-84695,128363-203761,128363-60021,128363-159097,320.60,59800,15.71,402.76,10.5965,0.0580
128363-145323,128363-228161,128363-110356,128363-157850,128363-203761,128363-84695,128363-157822,128363-80817,128363-188451,308.60,59900,11.53,381.84,1.3958,0.0167
128363-158373,128363-145331,128363-179762,128363-188464,128363-203761,128363-157822,128363-58462,128363-60021,128363-159097,325.40,60000,18.01,412.14,12.6381,0.0803
128363-145331,128363-179762,128363-188464,128363-145323,128363-171795,128363-157833,128363-60021,128363-203761,128363-157825,325.50,59600,26.72,422.32,29.0119,0.1393
128363-157850,128363-158373,128363-188424,128363-171770,128363-110357,128363-145323,128363-157822,128363-58153,128363-70823,291.00,60000,7.36,366.37,1.6703,0.0110
128363-145331,128363-203718,128363-84667,128363-179762,128363-203761,128363-171795,128363-58462,128363-60021,128363-15557,312.60,58800,20.73,415.32,15.0954,0.0843
128363-171784,128363-179762,128363-157833,128363-145314,128363-188464,128363-110312,128363-228127,128363-12341,128363-188451,287.80,57100,13.38,379.03,1.8266,0.0097
128363-157850,128363-84667,128363-145323,128363-188464,128363-171795,128363-67026,128363-60021,128363-58462,128363-159097,316.00,60000,22.13,417.04,15.9360,0.0770
128363-203721,128363-145331,128363-179762,128363-84667,128363-12341,128363-203761,128363-70823,128363-80817,128363-58378,306.70,60000,15.12,402.43,8.5259,0.0517
128363-158373,128363-145323,128363-49116,128363-80817,128363-19067,128363-188405,128363-84724,128363-9646,128363-145548,277.40,57700,4.89,348.72,0.3767,0.0023
128363-145331,128363-145323,128363-84667,128363-188464,128363-203761,128363-188418,128363-80817,128363-70823,128363-60021,321.90,59900,20.52,416.14,19.0788,0.1067
128363-145331,128363-145489,128363-40562,128363-157822,128363-80816,128363-203718,128363-58153,128363-84670,128363-58378,274.40,58100,5.26,349.34,1.5886,0.0073
128363-145331,128363-171784,128363-171795,128363-157851,128363-49675,128363-171672,128363-158855,128363-68090,128363-188451,279.30,57500,9.10,367.06,1.6523,0.0120
128363-49675,128363-188405,128363-157908,128363-157833,128363-203798,128363-228118,128363-228124,128363-233146,128363-157825,274.70,60000,4.85,349.76,0.9558,0.0083
128363-84696,128363-188410,128363-228117,128363-157833,128363-145323,128363-84667,128363-157822,128363-171770,128363-203787,276.50,60000,3.42,350.71,0.2028,0.0020
128363-110312,128363-145331,128363-68090,128363-157908,128363-228161,128363-157850,128363-58153,128363-84695,128363-70823,294.90,59800,8.84,367.50,1.0091,0.0090
128363-179762,128363-145331,128363-40562,128363-80817,128363-188464,128363-145334,128363-188452,128363-145341,128363-58462,303.30,59600,15.56,398.72,3.9629,0.0343
128363-228133,128363-145323,128363-9646,128363-70823,128363-203798,128363-213216,128363-171770,128363-84670,128363-157846,279.20,57400,7.02,350.68,0.0880,0.0007
128363-188405,128363-171784,128363-188418,128363-145314,128363-228124,128363-145334,128363-188449,128363-203802,128363-60021,275.20,57200,5.82,353.71,0.9797,0.0013
128363-179762,128363-145323,128363-203718,128363-84667,128363-203761,128363-80808,128363-58462,128363-80817,128363-145548,308.20,59200,18.50,403.22,8.1308,0.0467
128363-145331,128363-145323,128363-179762,128363-84667,128363-203761,128363-158855,128363-60021,128363-80817,128363-70823,322.00,60000,22.80,419.72,30.3273,0.1263
128363-158373,128363-84667,128363-157822,128363-80817,128363-213216,128363-188405,128363-9646,128363-233146,128363-203730,285.40,59900,4.79,354.12,0.9881,0.0077
128363-157850,128363-145323,128363-49675,128363-179762,128363-203761,128363-67026,128363-60021,128363-194829,128363-58378,310.20,60000,18.66,403.69,6.5191,0.0490
128363-179762,128363-145323,128363-110357,128363-84667,128363-157833,128363-171770,128363-70823,128363-194829,128363-60021,311.90,60000,22.57,408.07,10.4238,0.0680
128363-203777,128363-145331,128363-158855,128363-145314,128363-19067,128363-110312,128363-203761,128363-171795,128363-157846,291.10,59200,7.34,369.07,1.1117,0.0023
128363-20640,128363-84667,128363-80817,128363-9646,128363-80816,128363-188405,128363-80808,128363-145341,128363-203787,274.30,59900,3.59,353.52,0.2112,0.0033
128363-84696,128363-145323,128363-194829,128363-157833,128363-9714,128363-145334,128363-145308,128363-9646,128363-228166,274.40,58300,4.94,345.70,1.0325,0.0023
128363-145323,128363-110356,128363-84667,128363-213216,128363-9646,128363-157833,128363-171795,128363-203761,128363-157825,311.40,60000,15.61,388.48,8.7472,0.0407
128363-157850,128363-145335,128363-9646,128363-203761,128363-188464,128363-80816,128363-171795,128363-157822,128363-203771,295.30,60000,8.48,375.09,1.8941,0.0157
128363-179762,128363-110312,128363-194829,128363-60021,128363-84667,128363-228161,128363-80808,128363-49116,128363-58462,297.00,57300,15.66,390.72,3.7237,0.0223
128363-84667,128363-145331,128363-80817,128363-203761,128363-19067,128363-188464,128363-12341,128363-158855,128363-203771,309.80,59800,15.52,399.33,8.0654,0.0507
128363-203721,128363-228161,128363-80808,128363-157822,128363-49675,128363-203802,128363-58153,128363-84670,128363-58378,280.10,58100,6.39,345.56,0.2292,0.0023
128363-110312,128363-145331,128363-161552,128363-40562,128363-67026,128363-179762,128363-188452,128363-9714,128363-70823,288.70,59100,11.04,375.06,1.4763,0.0063
128363-145331,128363-179762,128363-84667,128363-188464,128363-203761,128363-188449,128363-157833,128363-60021,128363-145314,316.50,59900,20.65,415.44,12.0459,0.0877
128363-84667,128363-145331,128363-179762,128363-145323,128363-157822,128363-84670,128363-171795,128363-60021,128363-157825,318.20,59900,24.53,414.64,9.5614,0.0860
128363-171784,128363-145331,128363-188418,128363-145314,128363-203727,128363-213216,128363-110357,128363-9714,128363-145304,281.00,58300,6.49,355.06,2.8307,0.0087
128363-145331,128363-203777,128363-188422,128363-80808,128363-188464,128363-67026,128363-84695,128363-188416,128363-203771,289.40,59400,5.38,364.01,2.4146,0.0183
128363-203713,128363-84667,128363-70823,128363-188449,128363-9714,128363-110357,128363-203761,128363-157833,128363-228166,293.10,59800,9.59,370.58,1.6624,0.0127
128363-110356,128363-145323,128363-58462,128363-145304,128363-188464,128363-145334,128363-188456,128363-58153,128363-80817,290.00,59500,8.13,375.98,1.0929,0.0137
128363-171784,128363-203777,128363-60021,128363-171770,128363-188405,128363-188464,128363-84695,128363-188422,128363-228166,292.80,59500,6.83,367.16,1.9888,0.0097
128363-145331,128363-158373,128363-188418,128363-188424,128363-228133,128363-110312,128363-188444,128363-9646,128363-188451,278.00,58600,3.53,352.84,1.4826,0.0063
128363-157850,128363-145331,128363-194829,128363-171795,128363-188410,128363-188405,128363-9646,128363-158855,128363-157825,284.80,57900,10.04,372.76,8.0323,0.0447
128363-84667,128363-145331,128363-188464,128363-179762,128363-67026,128363-171795,128363-12341,128363-158855,128363-60021,314.70,60000,25.05,422.36,23.0744,0.1263
128363-179762,128363-145323,128363-110312,128363-188464,128363-145334,128363-84695,128363-58462,128363-80817,128363-60021,316.00,59100,20.45,410.80,9.8694,0.0603
128363-145323,128363-179762,128363-203718,128363-188464,128363-9714,128363-67026,128363-157833,128363-203761,128363-60021,319.40,59900,21.78,406.56,8.1358,0.0560
128363-49675,128363-158373,128363-60021,128363-80808,128363-20640,128363-145323,128363-158855,128363-58153,128363-58462,295.40,58300,7.85,373.08,2.3090,0.0073
128363-145323,128363-145331,128363-203718,128363-213216,128363-188452,128363-171770,128363-58462,128363-60021,128363-157825,312.90,59900,17.45,401.50,6.2903,0.0520
128363-157850,128363-145323,128363-203761,128363-188418,128363-188464,128363-9714,128363-157833,128363-110357,128363-84676,302.00,59100,12.72,378.90,2.5734,0.0200
128363-145331,128363-19067,128363-145548,128363-228122,128363-171784,128363-84667,128363-171770,128363-188416,128363-203771,287.00,58900,6.25,361.72,1.9963,0.0140
128363-80816,128363-157850,128363-145314,128363-12341,128363-228161,128363-19067,128363-110357,128363-80808,128363-157825,281.70,58500,8.17,359.88,1.7407,0.0103
128363-228133,128363-145331,128363-158855,128363-171770,128363-145323,128363-203802,128363-110357,128363-188418,128363-145548,290.60,59800,9.33,373.08,4.4314,0.0217
128363-145331,128363-158373,128363-84667,128363-228161,128363-188418,128363-203761,128363-171795,128363-157833,128363-60021,318.20,60000,12.39,397.28,5.0286,0.0353
128363-179762,128363-157850,128363-188405,128363-228133,128363-84695,128363-157833,128363-145548,128363-70823,128363-60021,297.40,58900,11.80,384.56,2.5315,0.0203
128363-188405,128363-158373,128363-60021,128363-188418,128363-228161,128363-157826,128363-110357,128363-203761,128363-157908,294.80,59700,5.31,358.66,1.1176,0.0040
128363-145331,128363-145323,128363-157822,128363-60021,128363-188410,128363-160182,128363-171770,128363-145308,128363-203787,287.40,60000,4.01,359.81,1.2974,0.0053
128363-145331,128363-157812,128363-68090,128363-158855,128363-145334,128363-203713,128363-9646,128363-228117,128363-203771,285.40,60000,4.38,355.30,0.9257,0.0113
128363-145331,128363-145323,128363-84667,128363-188464,128363-158855,128363-12341,128363-60021,128363-58462,128363-159097,318.90,60000,21.56,419.70,23.1637,0.1200
128363-84667,128363-80816,128363-188444,128363-58462,128363-145334,128363-188405,128363-188449,128363-84695,128363-60021,290.90,58800,6.30,373.86,0.9525,0.0107
128363-84667,128363-158373,128363-80816,128363-145323,128363-171795,128363-158855,128363-157833,128363-203761,128363-80817,308.10,59700,10.92,391.84,2.4171,0.0157
128363-145331,128363-203718,128363-145323,128363-188464,128363-157822,128363-171795,128363-60021,128363-203761,128363-188451,321.20,59700,22.18,412.94,14.4655,0.0880
128363-179762,128363-110312,128363-68090,128363-145314,128363-9714,128363-84667,128363-188418,128363-171770,128363-60021,298.60,59300,12.69,386.12,3.2853,0.0173
128363-188405,128363-145323,128363-171767,128363-58462,128363-228160,128363-188464,128363-110357,128363-171795,128363-58378,282.20,57100,6.66,360.84,1.9146,0.0097
128363-145331,128363-228133,128363-188444,128363-58462,128363-110357,128363-188464,128363-68090,128363-171769,128363-203771,292.00,59800,5.78,372.26,4.8450,0.0223
128363-228118,128363-110312,128363-145314,128363-68090,128363-49675,128363-188464,128363-12341,128363-158855,128363-58462,287.90,58000,13.23,379.24,2.5172,0.0190
128363-80816,128363-228161,128363-12341,128363-9646,128363-188405,128363-110356,128363-158855,128363-145341,128363-58462,288.60,59900,6.49,362.91,1.1914,0.0037
128363-84667,128363-145331,128363-228122,128363-157833,128363-188464,128363-145335,128363-158855,128363-49116,128363-145314,297.60,60000,9.11,380.42,4.4352,0.0230
128363-110356,128363-171784,128363-58153,128363-157833,128363-145323,128363-80816,128363-145334,128363-157826,128363-228700,282.20,59900,4.52,349.27,1.5890,0.0063
128363-188405,128363-145331,128363-60021,128363-228122,128363-203715,128363-145334,128363-157826,128363-228117,128363-203771,286.20,59700,2.62,353.51,1.3267,0.0047
128363-179762,128363-145323,128363-203718,128363-84667,128363-110357,128363-49116,128363-58462,128363-80817,128363-60021,309.30,59100,21.32,410.52,8.0344,0.0617
128363-49675,128363-145331,128363-203718,128363-179762,128363-84695,128363-203761,128363-157833,128363-60021,128363-159097,320.10,60000,17.93,406.00,12.4453,0.0623
128363-171784,128363-145331,128363-145334,128363-228127,128363-233146,128363-171795,128363-12341,128363-60021,128363-188451,296.60,59900,11.76,390.81,6.9369,0.0363
128363-84667,128363-145331,128363-179762,128363-145323,128363-188418,128363-12341,128363-58462,128363-145339,128363-60021,311.50,59600,20.22,414.44,20.5593,0.0987
128363-145323,128363-228161,128363-68090,128363-171925,128363-145334,128363-80816,128363-157833,128363-171770,128363-15557,283.50,59400,5.44,358.38,0.6646,0.0057
128363-171784,128363-179762,128363-84667,128363-145323,128363-203761,128363-157833,128363-157822,128363-194829,128363-70823,314.40,59800,21.56,397.50,5.6919,0.0363
128363-19067,128363-145331,128363-12341,128363-203761,128363-110357,128363-203718,128363-84670,128363-68090,128363-110359,292.40,59800,9.65,369.12,0.4936,0.0057
128363-203798,128363-228133,128363-171767,128363-58462,128363-188464,128363-188405,128363-188422,128363-9646,128363-203787,274.40,59400,4.26,348.94,1.6913,0.0093
128363-157850,128363-19067,128363-157833,128363-60021,128363-179762,128363-84667,128363-157822,128363-145341,128363-159097,309.60,59900,14.72,393.39,5.4120,0.0380
128363-49675,128363-158373,128363-194829,128363-49116,128363-188464,128363-228133,128363-157822,128363-171795,128363-80817,291.60,58100,11.60,379.75,6.3381,0.0320
128363-145323,128363-158373,128363-157822,128363-58462,128363-203802,128363-203718,128363-203761,128363-80808,128363-203771,308.10,59200,9.97,372.67,1.0112,0.0123
128363-145323,128363-203718,128363-179762,128363-228133,128363-203761,128363-145334,128363-157833,128363-194829,128363-58462,309.50,59800,18.35,394.80,4.4528,0.0307
128363-145323,128363-145331,128363-203718,128363-179762,128363-171770,128363-158855,128363-58462,128363-70823,128363-60021,315.60,60000,21.57,412.18,11.5385,0.0933
128363-145323,128363-171784,128363-84667,128363-188464,128363-84695,128363-171795,128363-60021,128363-80817,128363-58462,317.80,59500,21.27,416.91,15.9510,0.1033
128363-179762,128363-84667,128363-188464,128363-67026,128363-188418,128363-171770,128363-80817,128363-58462,128363-157825,308.60,60000,18.77,406.70,7.8383,0.0617
128363-145323,128363-179762,128363-145334,128363-110356,128363-68090,128363-203761,128363-60021,128363-58462,128363-159097,314.70,59500,17.54,398.62,8.2670,0.0443
128363-84667,128363-203798,128363-58462,128363-171795,128363-228124,128363-179762,128363-157822,128363-188452,128363-60021,295.40,58800,11.87,390.96,3.0075,0.0263
128363-49675,128363-228161,128363-188449,128363-40562,128363-110312,128363-228133,128363-12341,128363-80808,128363-203771,282.00,58900,8.42,361.34,1.3967,0.0073
128363-157850,128363-179762,128363-188464,128363-110312,128363-203761,128363-84695,128363-80817,128363-58462,128363-60021,319.50,60000,20.64,417.04,14.8452,0.0833
128363-179762,128363-145331,128363-67026,128363-171672,128363-157822,128363-84695,128363-171795,128363-188449,128363-60021,307.70,59900,16.48,402.12,5.7690,0.0527
128363-145331,128363-157850,128363-49116,128363-80808,128363-188464,128363-84667,128363-110357,128363-171769,128363-203787,283.70,59700,7.23,375.24,1.8878,0.0113
128363-84667,128363-145331,128363-228161,128363-145323,128363-203761,128363-145334,128363-171795,128363-58462,128363-157825,317.00,60000,17.90,401.22,4.5664,0.0393
128363-20640,128363-179762,128363-70823,128363-58462,128363-171672,128363-67026,128363-80808,128363-228124,128363-228166,275.00,57200,6.24,358.38,0.2259,0.0027
128363-49675,128363-145323,128363-67026,128363-213216,128363-145341,128363-203761,128363-60021,128363-80817,128363-159097,314.00,59900,12.83,394.67,8.9626,0.0460
128363-145331,128363-158373,128363-84667,128363-179762,128363-157822,128363-171795,128363-228122,128363-203761,128363-60021,320.40,60000,14.33,402.78,7.3740,0.0430
128363-203718,128363-203713,128363-194829,128363-145308,128363-203798,128363-110357,128363-157822,128363-12341,128363-157908,275.20,58800,6.81,351.62,1.3296,0.0043
128363-110312,128363-179762,128363-188452,128363-171795,128363-157850,128363-228118,128363-67026,128363-80808,128363-70823,285.70,58000,15.47,380.14,1.5618,0.0073
128363-20640,128363-110312,128363-171767,128363-203761,128363-213216,128363-203718,128363-157822,128363-157833,128363-58378,295.60,59400,6.39,359.10,1.3824,0.0073
128363-179762,128363-158373,128363-157833,128363-158855,128363-84670,128363-145335,128363-203761,128363-157822,128363-15557,294.10,58200,8.96,367.92,1.3150,0.0040
128363-179762,128363-145323,128363-49675,128363-110356,128363-171795,128363-157833,128363-145339,128363-60021,128363-228166,302.80,59400,15.97,393.68,2.4988,0.0173
128363-145331,128363-179762,128363-157850,128363-145323,128363-110357,128363-171795,128363-60021,128363-203761,128363-159097,317.50,60000,22.04,415.22,13.1975,0.0813
128363-19067,128363-203718,128363-80808,128363-188444,128363-84667,128363-188464,128363-67026,128363-157833,128363-203771,299.30,59900,9.36,374.83,1.0028,0.0087
