P_ID,P_Name,P_Salary,P_Proj,P_ID,P_Name,P_Salary,P_Proj,C_ID,C_Name,C_Salary,C_Proj,1B_ID,1B_Name,1B_Salary,1B_Proj,2B_ID,2B_Name,2B_Salary,2B_Proj,3B_ID,3B_Name,3B_Salary,3B_Proj,SS_ID,SS_Name,SS_Salary,SS_Proj,OF_ID,OF_Name,OF_Salary,OF_Proj,OF_ID,OF_Name,OF_Salary,OF_Proj,OF_ID,OF_Name,OF_Salary,OF_Proj,Total_Projection,Total_Salary,Avg_Ownership,Ownership_Product
42646451,Randy Vasquez,8000,10.09,42646426,J.T. Ginn,7300,12.34,42646505,Dalton Rushing,3100,6.49,42646525,Nick Kurtz,5200,10.24,42646312,Jeff McNeil,3500,6.85,42646269,Max Muncy,4300,7.67,42646519,Jacob Wilson,3700,6.14,42646332,Ramon Laureano,4200,7.78,42646421,Andy Pages,4700,7.14,42646348,Kyle Tucker,6000,9.07,83.81,50000,21.1,2.1074e+1
42646408,Emerson Hancock,8500,11.27,42646294,Clay Holmes,8700,10.19,42646361,Cal Raleigh,5000,9.05,42646349,Josh Naylor,3900,7.62,42646504,Cole Young,3100,6.25,42646412,Ezequiel Duran,2700,5.70,42646302,Corey Seager,5000,9.93,42646518,Wyatt Langford,4000,8.93,42646287,Brandon Nimmo,4900,9.01,42646476,Evan Carter,4200,8.33,86.28,50000,21.3,2.1251e+1
42646445,Kumar Rocker,6700,9.47,42646314,Shohei Ohtani,9500,23.57,42646341,Will Smith,4200,8.25,42646334,Gavin Sheets,3700,7.04,42646337,Jake Cronenworth,3400,6.49,42646390,Brendan Donovan,4000,7.95,42646281,Xander Bogaerts,4100,7.41,42646489,Jackson Merrill,4500,9.22,42646274,Nick Castellanos,3000,6.11,42646422,Julio Rodriguez,4500,8.84,94.35,47600,21.0,2.1025e+1
42646451,Randy Vasquez,8000,10.09,42646426,J.T. Ginn,7300,12.34,42646505,Dalton Rushing,3100,6.49,42646352,Ty France,2400,5.72,42646337,Jake Cronenworth,3400,6.49,42646269,Max Muncy,4300,7.67,42646286,Francisco Lindor,4600,7.31,42646489,Jackson Merrill,4500,9.22,42646348,Kyle Tucker,6000,9.07,42646421,Andy Pages,4700,7.14,81.54,48300,16.3,1.6268e+1
42646408,Emerson Hancock,8500,11.27,42646294,Clay Holmes,8700,10.19,42646320,Danny Jansen,3200,6.56,42646525,Nick Kurtz,5200,10.24,42646377,Josh Smith,3100,6.47,42646486,Max Muncy,3900,7.21,42646302,Corey Seager,5000,9.93,42646287,Brandon Nimmo,4900,9.01,42646418,Dominic Canzone,3300,6.40,42646476,Evan Carter,4200,8.33,85.61,50000,21.5,2.1546e+1
42646445,Kumar Rocker,6700,9.47,42646314,Shohei Ohtani,9500,23.57,42646361,Cal Raleigh,5000,9.05,42646349,Josh Naylor,3900,7.62,42646504,Cole Young,3100,6.25,42646273,Manny Machado,4700,7.41,42646281,Xander Bogaerts,4100,7.41,42646365,Luke Raley,3500,7.15,42646277,Joc Pederson,3000,6.30,42646422,Julio Rodriguez,4500,8.84,93.07,48000,22.2,2.2215e+1
42646451,Randy Vasquez,8000,10.09,42646314,Shohei Ohtani,9500,23.57,42646505,Dalton Rushing,3100,6.49,42646525,Nick Kurtz,5200,10.24,42646337,Jake Cronenworth,3400,6.49,42646415,Josh Jung,2900,6.65,42646281,Xander Bogaerts,4100,7.41,42646332,Ramon Laureano,4200,7.78,42646470,Tyler Soderstrom,4700,8.51,42646489,Jackson Merrill,4500,9.22,96.45,49600,23.7,2.3658e+1
42646408,Emerson Hancock,8500,11.27,42646426,J.T. Ginn,7300,12.34,42646361,Cal Raleigh,5000,9.05,42646349,Josh Naylor,3900,7.62,42646312,Jeff McNeil,3500,6.85,42646269,Max Muncy,4300,7.67,42646286,Francisco Lindor,4600,7.31,42646359,Randy Arozarena,4200,7.82,42646422,Julio Rodriguez,4500,8.84,42646365,Luke Raley,3500,7.15,85.92,49300,19.1,1.9099e+1
42646445,Kumar Rocker,6700,9.47,42646294,Clay Holmes,8700,10.19,42646320,Danny Jansen,3200,6.56,42646334,Gavin Sheets,3700,7.04,42646270,Marcus Semien,3300,5.77,42646273,Manny Machado,4700,7.41,42646302,Corey Seager,5000,9.93,42646476,Evan Carter,4200,8.33,42646287,Brandon Nimmo,4900,9.01,42646518,Wyatt Langford,4000,8.93,82.64,48400,19.3,1.9295e+1
42646303,Edwin Diaz,4000,1.72,42646318,Devin Williams,4000,0.93,42646375,Shea Langeliers,5700,9.66,42646260,Freddie Freeman,5000,8.25,42646508,Alex Freeland,3000,5.01,42646273,Manny Machado,4700,7.41,42646286,Francisco Lindor,4600,7.31,42646277,Joc Pederson,3000,6.30,42646285,Teoscar Hernandez,4800,7.39,42646348,Kyle Tucker,6000,9.07,63.05,44800,14.4,1.4395e+1
42646451,Randy Vasquez,8000,10.09,42646294,Clay Holmes,8700,10.19,42646320,Danny Jansen,3200,6.56,42646525,Nick Kurtz,5200,10.24,42646377,Josh Smith,3100,6.47,42646415,Josh Jung,2900,6.65,42646286,Francisco Lindor,4600,7.31,42646476,Evan Carter,4200,8.33,42646470,Tyler Soderstrom,4700,8.51,42646287,Brandon Nimmo,4900,9.01,83.36,49500,21.0,2.1033e+1
42646445,Kumar Rocker,6700,9.47,42646408,Emerson Hancock,8500,11.27,42646361,Cal Raleigh,5000,9.05,42646349,Josh Naylor,3900,7.62,42646270,Marcus Semien,3300,5.77,42646390,Brendan Donovan,4000,7.95,42646302,Corey Seager,5000,9.93,42646422,Julio Rodriguez,4500,8.84,42646277,Joc Pederson,3000,6.30,42646518,Wyatt Langford,4000,8.93,85.13,47900,20.8,2.0836e+1
42646426,J.T. Ginn,7300,12.34,42646314,Shohei Ohtani,9500,23.57,42646375,Shea Langeliers,5700,9.66,42646334,Gavin Sheets,3700,7.04,42646337,Jake Cronenworth,3400,6.49,42646390,Brendan Donovan,4000,7.95,42646519,Jacob Wilson,3700,6.14,42646274,Nick Castellanos,3000,6.11,42646332,Ramon Laureano,4200,7.78,42646285,Teoscar Hernandez,4800,7.39,94.47,49300,23.1,2.3055e+1
42646426,J.T. Ginn,7300,12.34,42646408,Emerson Hancock,8500,11.27,42646361,Cal Raleigh,5000,9.05,42646525,Nick Kurtz,5200,10.24,42646312,Jeff McNeil,3500,6.85,42646269,Max Muncy,4300,7.67,42646519,Jacob Wilson,3700,6.14,42646418,Dominic Canzone,3300,6.40,42646359,Randy Arozarena,4200,7.82,42646365,Luke Raley,3500,7.15,84.93,48500,20.2,2.0190e+1
42646451,Randy Vasquez,8000,10.09,42646294,Clay Holmes,8700,10.19,42646375,Shea Langeliers,5700,9.66,42646454,Brett Baty,4000,5.95,42646377,Josh Smith,3100,6.47,42646415,Josh Jung,2900,6.65,42646286,Francisco Lindor,4600,7.31,42646277,Joc Pederson,3000,6.30,42646287,Brandon Nimmo,4900,9.01,42646518,Wyatt Langford,4000,8.93,80.56,48900,19.8,1.9807e+1
42646445,Kumar Rocker,6700,9.47,42646314,Shohei Ohtani,9500,23.57,42646341,Will Smith,4200,8.25,42646349,Josh Naylor,3900,7.62,42646386,Hyeseong Kim,2600,4.67,42646269,Max Muncy,4300,7.67,42646281,Xander Bogaerts,4100,7.41,42646422,Julio Rodriguez,4500,8.84,42646332,Ramon Laureano,4200,7.78,42646421,Andy Pages,4700,7.14,92.42,48700,23.0,2.2951e+1
42646426,J.T. Ginn,7300,12.34,42646451,Randy Vasquez,8000,10.09,42646505,Dalton Rushing,3100,6.49,42646525,Nick Kurtz,5200,10.24,42646508,Alex Freeland,3000,5.01,42646269,Max Muncy,4300,7.67,42646286,Francisco Lindor,4600,7.31,42646373,Carlos Cortes,3300,6.19,42646470,Tyler Soderstrom,4700,8.51,42646421,Andy Pages,4700,7.14,80.99,48200,18.8,1.8848e+1
42646445,Kumar Rocker,6700,9.47,42646294,Clay Holmes,8700,10.19,42646361,Cal Raleigh,5000,9.05,42646334,Gavin Sheets,3700,7.04,42646377,Josh Smith,3100,6.47,42646412,Ezequiel Duran,2700,5.70,42646302,Corey Seager,5000,9.93,42646518,Wyatt Langford,4000,8.93,42646332,Ramon Laureano,4200,7.78,42646277,Joc Pederson,3000,6.30,80.86,46100,20.5,2.0484e+1
42646275,Jason Adam,4000,2.94,42646408,Emerson Hancock,8500,11.27,42646375,Shea Langeliers,5700,9.66,42646260,Freddie Freeman,5000,8.25,42646377,Josh Smith,3100,6.47,42646415,Josh Jung,2900,6.65,42646302,Corey Seager,5000,9.93,42646287,Brandon Nimmo,4900,9.01,42646476,Evan Carter,4200,8.33,42646421,Andy Pages,4700,7.14,79.65,48000,21.3,2.1264e+1
42646322,Mark Leiter Jr.,4000,2.83,42646314,Shohei Ohtani,9500,23.57,42646375,Shea Langeliers,5700,9.66,42646334,Gavin Sheets,3700,7.04,42646312,Jeff McNeil,3500,6.85,42646486,Max Muncy,3900,7.21,42646519,Jacob Wilson,3700,6.14,42646470,Tyler Soderstrom,4700,8.51,42646489,Jackson Merrill,4500,9.22,42646332,Ramon Laureano,4200,7.78,88.81,47400,21.7,2.1725e+1
42646408,Emerson Hancock,8500,11.27,42646294,Clay Holmes,8700,10.19,42646320,Danny Jansen,3200,6.56,42646525,Nick Kurtz,5200,10.24,42646377,Josh Smith,3100,6.47,42646412,Ezequiel Duran,2700,5.70,42646286,Francisco Lindor,4600,7.31,42646430,Lawrence Butler,3600,7.88,42646277,Joc Pederson,3000,6.30,42646287,Brandon Nimmo,4900,9.01,80.93,47500,19.5,1.9475e+1
42646426,J.T. Ginn,7300,12.34,42646451,Randy Vasquez,8000,10.09,42646505,Dalton Rushing,3100,6.49,42646334,Gavin Sheets,3700,7.04,42646337,Jake Cronenworth,3400,6.49,42646273,Manny Machado,4700,7.41,42646281,Xander Bogaerts,4100,7.41,42646489,Jackson Merrill,4500,9.22,42646348,Kyle Tucker,6000,9.07,42646285,Teoscar Hernandez,4800,7.39,82.95,49600,16.9,1.6884e+1
42646445,Kumar Rocker,6700,9.47,42646314,Shohei Ohtani,9500,23.57,42646361,Cal Raleigh,5000,9.05,42646349,Josh Naylor,3900,7.62,42646337,Jake Cronenworth,3400,6.49,42646390,Brendan Donovan,4000,7.95,42646281,Xander Bogaerts,4100,7.41,42646277,Joc Pederson,3000,6.30,42646422,Julio Rodriguez,4500,8.84,42646359,Randy Arozarena,4200,7.82,94.52,48300,23.1,2.3124e+1
42646451,Randy Vasquez,8000,10.09,42646294,Clay Holmes,8700,10.19,42646320,Danny Jansen,3200,6.56,42646525,Nick Kurtz,5200,10.24,42646377,Josh Smith,3100,6.47,42646486,Max Muncy,3900,7.21,42646519,Jacob Wilson,3700,6.14,42646287,Brandon Nimmo,4900,9.01,42646277,Joc Pederson,3000,6.30,42646518,Wyatt Langford,4000,8.93,81.14,47700,21.2,2.1220e+1
42646426,J.T. Ginn,7300,12.34,42646408,Emerson Hancock,8500,11.27,42646505,Dalton Rushing,3100,6.49,42646260,Freddie Freeman,5000,8.25,42646270,Marcus Semien,3300,5.77,42646269,Max Muncy,4300,7.67,42646286,Francisco Lindor,4600,7.31,42646422,Julio Rodriguez,4500,8.84,42646365,Luke Raley,3500,7.15,42646421,Andy Pages,4700,7.14,82.23,48800,16.2,1.6209e+1
42646445,Kumar Rocker,6700,9.47,42646314,Shohei Ohtani,9500,23.57,42646341,Will Smith,4200,8.25,42646334,Gavin Sheets,3700,7.04,42646508,Alex Freeland,3000,5.01,42646269,Max Muncy,4300,7.67,42646302,Corey Seager,5000,9.93,42646274,Nick Castellanos,3000,6.11,42646421,Andy Pages,4700,7.14,42646285,Teoscar Hernandez,4800,7.39,91.58,48900,23.0,2.2969e+1
42646451,Randy Vasquez,8000,10.09,42646294,Clay Holmes,8700,10.19,42646320,Danny Jansen,3200,6.56,42646525,Nick Kurtz,5200,10.24,42646312,Jeff McNeil,3500,6.85,42646415,Josh Jung,2900,6.65,42646286,Francisco Lindor,4600,7.31,42646287,Brandon Nimmo,4900,9.01,42646430,Lawrence Butler,3600,7.88,42646277,Joc Pederson,3000,6.30,81.08,47600,20.3,2.0285e+1
42646408,Emerson Hancock,8500,11.27,42646426,J.T. Ginn,7300,12.34,42646375,Shea Langeliers,5700,9.66,42646260,Freddie Freeman,5000,8.25,42646312,Jeff McNeil,3500,6.85,42646390,Brendan Donovan,4000,7.95,42646519,Jacob Wilson,3700,6.14,42646470,Tyler Soderstrom,4700,8.51,42646373,Carlos Cortes,3300,6.19,42646418,Dominic Canzone,3300,6.40,83.56,49000,20.1,2.0093e+1
42646445,Kumar Rocker,6700,9.47,42646314,Shohei Ohtani,9500,23.57,42646361,Cal Raleigh,5000,9.05,42646349,Josh Naylor,3900,7.62,42646386,Hyeseong Kim,2600,4.67,42646269,Max Muncy,4300,7.67,42646339,Leo Rivas,2300,5.67,42646285,Teoscar Hernandez,4800,7.39,42646348,Kyle Tucker,6000,9.07,42646421,Andy Pages,4700,7.14,91.32,49800,23.5,2.3488e+1
42646514,David Morgan,4000,2.86,42646322,Mark Leiter Jr.,4000,2.83,42646361,Cal Raleigh,5000,9.05,42646260,Freddie Freeman,5000,8.25,42646508,Alex Freeland,3000,5.01,42646390,Brendan Donovan,4000,7.95,42646281,Xander Bogaerts,4100,7.41,42646359,Randy Arozarena,4200,7.82,42646348,Kyle Tucker,6000,9.07,42646421,Andy Pages,4700,7.14,67.39,44000,14.0,1.3959e+1
42646408,Emerson Hancock,8500,11.27,42646451,Randy Vasquez,8000,10.09,42646453,Francisco Alvarez,4100,5.73,42646525,Nick Kurtz,5200,10.24,42646377,Josh Smith,3100,6.47,42646412,Ezequiel Duran,2700,5.70,42646286,Francisco Lindor,4600,7.31,42646277,Joc Pederson,3000,6.30,42646287,Brandon Nimmo,4900,9.01,42646476,Evan Carter,4200,8.33,80.45,48300,21.1,2.1089e+1
42646426,J.T. Ginn,7300,12.34,42646294,Clay Holmes,8700,10.19,42646375,Shea Langeliers,5700,9.66,42646334,Gavin Sheets,3700,7.04,42646312,Jeff McNeil,3500,6.85,42646390,Brendan Donovan,4000,7.95,42646519,Jacob Wilson,3700,6.14,42646332,Ramon Laureano,4200,7.78,42646470,Tyler Soderstrom,4700,8.51,42646373,Carlos Cortes,3300,6.19,82.65,48800,19.1,1.9082e+1
42646445,Kumar Rocker,6700,9.47,42646314,Shohei Ohtani,9500,23.57,42646361,Cal Raleigh,5000,9.05,42646334,Gavin Sheets,3700,7.04,42646337,Jake Cronenworth,3400,6.49,42646390,Brendan Donovan,4000,7.95,42646281,Xander Bogaerts,4100,7.41,42646359,Randy Arozarena,4200,7.82,42646332,Ramon Laureano,4200,7.78,42646274,Nick Castellanos,3000,6.11,92.69,47800,21.6,2.1630e+1
42646445,Kumar Rocker,6700,9.47,42646451,Randy Vasquez,8000,10.09,42646341,Will Smith,4200,8.25,42646260,Freddie Freeman,5000,8.25,42646377,Josh Smith,3100,6.47,42646269,Max Muncy,4300,7.67,42646286,Francisco Lindor,4600,7.31,42646476,Evan Carter,4200,8.33,42646421,Andy Pages,4700,7.14,42646285,Teoscar Hernandez,4800,7.39,80.37,49600,19.5,1.9514e+1
42646408,Emerson Hancock,8500,11.27,42646294,Clay Holmes,8700,10.19,42646361,Cal Raleigh,5000,9.05,42646525,Nick Kurtz,5200,10.24,42646312,Jeff McNeil,3500,6.85,42646412,Ezequiel Duran,2700,5.70,42646519,Jacob Wilson,3700,6.14,42646476,Evan Carter,4200,8.33,42646430,Lawrence Butler,3600,7.88,42646470,Tyler Soderstrom,4700,8.51,84.16,49800,20.5,2.0452e+1
42646426,J.T. Ginn,7300,12.34,42646420,Jack Dreyer,4000,1.73,42646505,Dalton Rushing,3100,6.49,42646260,Freddie Freeman,5000,8.25,42646312,Jeff McNeil,3500,6.85,42646269,Max Muncy,4300,7.67,42646519,Jacob Wilson,3700,6.14,42646489,Jackson Merrill,4500,9.22,42646421,Andy Pages,4700,7.14,42646348,Kyle Tucker,6000,9.07,74.90,46100,16.9,1.6876e+1
42646445,Kumar Rocker,6700,9.47,42646451,Randy Vasquez,8000,10.09,42646341,Will Smith,4200,8.25,42646260,Freddie Freeman,5000,8.25,42646386,Hyeseong Kim,2600,4.67,42646269,Max Muncy,4300,7.67,42646286,Francisco Lindor,4600,7.31,42646287,Brandon Nimmo,4900,9.01,42646277,Joc Pederson,3000,6.30,42646285,Teoscar Hernandez,4800,7.39,78.41,48100,20.5,2.0499e+1
42646408,Emerson Hancock,8500,11.27,42646294,Clay Holmes,8700,10.19,42646361,Cal Raleigh,5000,9.05,42646525,Nick Kurtz,5200,10.24,42646270,Marcus Semien,3300,5.77,42646412,Ezequiel Duran,2700,5.70,42646519,Jacob Wilson,3700,6.14,42646277,Joc Pederson,3000,6.30,42646287,Brandon Nimmo,4900,9.01,42646476,Evan Carter,4200,8.33,82.00,49200,20.2,2.0239e+1
42646426,J.T. Ginn,7300,12.34,42646523,Bradgley Rodriguez,4000,1.47,42646375,Shea Langeliers,5700,9.66,42646260,Freddie Freeman,5000,8.25,42646312,Jeff McNeil,3500,6.85,42646486,Max Muncy,3900,7.21,42646519,Jacob Wilson,3700,6.14,42646470,Tyler Soderstrom,4700,8.51,42646274,Nick Castellanos,3000,6.11,42646421,Andy Pages,4700,7.14,73.68,45500,16.8,1.6843e+1
42646514,David Morgan,4000,2.86,42646279,Blake Treinen,4000,3.42,42646341,Will Smith,4200,8.25,42646260,Freddie Freeman,5000,8.25,42646337,Jake Cronenworth,3400,6.49,42646486,Max Muncy,3900,7.21,42646281,Xander Bogaerts,4100,7.41,42646470,Tyler Soderstrom,4700,8.51,42646285,Teoscar Hernandez,4800,7.39,42646348,Kyle Tucker,6000,9.07,68.86,44100,13.4,1.3427e+1
42646451,Randy Vasquez,8000,10.09,42646294,Clay Holmes,8700,10.19,42646375,Shea Langeliers,5700,9.66,42646525,Nick Kurtz,5200,10.24,42646312,Jeff McNeil,3500,6.85,42646415,Josh Jung,2900,6.65,42646519,Jacob Wilson,3700,6.14,42646470,Tyler Soderstrom,4700,8.51,42646332,Ramon Laureano,4200,7.78,42646274,Nick Castellanos,3000,6.11,82.22,49600,20.2,2.0209e+1
42646408,Emerson Hancock,8500,11.27,42646445,Kumar Rocker,6700,9.47,42646361,Cal Raleigh,5000,9.05,42646349,Josh Naylor,3900,7.62,42646377,Josh Smith,3100,6.47,42646390,Brendan Donovan,4000,7.95,42646286,Francisco Lindor,4600,7.31,42646365,Luke Raley,3500,7.15,42646277,Joc Pederson,3000,6.30,42646359,Randy Arozarena,4200,7.82,80.41,46500,18.4,1.8373e+1
42646523,Bradgley Rodriguez,4000,1.47,42646426,J.T. Ginn,7300,12.34,42646375,Shea Langeliers,5700,9.66,42646260,Freddie Freeman,5000,8.25,42646508,Alex Freeland,3000,5.01,42646269,Max Muncy,4300,7.67,42646281,Xander Bogaerts,4100,7.41,42646470,Tyler Soderstrom,4700,8.51,42646285,Teoscar Hernandez,4800,7.39,42646421,Andy Pages,4700,7.14,74.85,47600,16.9,1.6850e+1
42646451,Randy Vasquez,8000,10.09,42646294,Clay Holmes,8700,10.19,42646320,Danny Jansen,3200,6.56,42646525,Nick Kurtz,5200,10.24,42646270,Marcus Semien,3300,5.77,42646486,Max Muncy,3900,7.21,42646302,Corey Seager,5000,9.93,42646277,Joc Pederson,3000,6.30,42646287,Brandon Nimmo,4900,9.01,42646476,Evan Carter,4200,8.33,83.63,49400,21.6,2.1645e+1
42646426,J.T. Ginn,7300,12.34,42646408,Emerson Hancock,8500,11.27,42646361,Cal Raleigh,5000,9.05,42646349,Josh Naylor,3900,7.62,42646312,Jeff McNeil,3500,6.85,42646390,Brendan Donovan,4000,7.95,42646339,Leo Rivas,2300,5.67,42646365,Luke Raley,3500,7.15,42646348,Kyle Tucker,6000,9.07,42646421,Andy Pages,4700,7.14,84.11,48700,19.1,1.9078e+1
42646445,Kumar Rocker,6700,9.47,42646420,Jack Dreyer,4000,1.73,42646341,Will Smith,4200,8.25,42646260,Freddie Freeman,5000,8.25,42646508,Alex Freeland,3000,5.01,42646269,Max Muncy,4300,7.67,42646286,Francisco Lindor,4600,7.31,42646518,Wyatt Langford,4000,8.93,42646476,Evan Carter,4200,8.33,42646287,Brandon Nimmo,4900,9.01,73.96,44900,18.3,1.8335e+1
42646451,Randy Vasquez,8000,10.09,42646426,J.T. Ginn,7300,12.34,42646505,Dalton Rushing,3100,6.49,42646525,Nick Kurtz,5200,10.24,42646508,Alex Freeland,3000,5.01,42646273,Manny Machado,4700,7.41,42646386,Hyeseong Kim,2600,4.67,42646489,Jackson Merrill,4500,9.22,42646421,Andy Pages,4700,7.14,42646348,Kyle Tucker,6000,9.07,81.68,49100,19.3,1.9251e+1
42646445,Kumar Rocker,6700,9.47,42646294,Clay Holmes,8700,10.19,42646361,Cal Raleigh,5000,9.05,42646349,Josh Naylor,3900,7.62,42646377,Josh Smith,3100,6.47,42646390,Brendan Donovan,4000,7.95,42646339,Leo Rivas,2300,5.67,42646277,Joc Pederson,3000,6.30,42646287,Brandon Nimmo,4900,9.01,42646422,Julio Rodriguez,4500,8.84,80.57,46100,19.7,1.9742e+1
42646408,Emerson Hancock,8500,11.27,42646284,Chris Martin,4000,2.22,42646505,Dalton Rushing,3100,6.49,42646260,Freddie Freeman,5000,8.25,42646377,Josh Smith,3100,6.47,42646412,Ezequiel Duran,2700,5.70,42646286,Francisco Lindor,4600,7.31,42646274,Nick Castellanos,3000,6.11,42646285,Teoscar Hernandez,4800,7.39,42646348,Kyle Tucker,6000,9.07,70.28,44800,14.8,1.4753e+1
42646343,Eduard Bazardo,4000,2.42,42646321,Gabe Speier,4000,2.26,42646375,Shea Langeliers,5700,9.66,42646260,Freddie Freeman,5000,8.25,42646377,Josh Smith,3100,6.47,42646269,Max Muncy,4300,7.67,42646302,Corey Seager,5000,9.93,42646518,Wyatt Langford,4000,8.93,42646476,Evan Carter,4200,8.33,42646285,Teoscar Hernandez,4800,7.39,71.31,44100,19.2,1.9235e+1
42646451,Randy Vasquez,8000,10.09,42646445,Kumar Rocker,6700,9.47,42646320,Danny Jansen,3200,6.56,42646260,Freddie Freeman,5000,8.25,42646377,Josh Smith,3100,6.47,42646269,Max Muncy,4300,7.67,42646302,Corey Seager,5000,9.93,42646277,Joc Pederson,3000,6.30,42646287,Brandon Nimmo,4900,9.01,42646388,Luis Robert Jr.,5100,6.93,80.68,48300,22.2,2.2174e+1
42646408,Emerson Hancock,8500,11.27,42646294,Clay Holmes,8700,10.19,42646361,Cal Raleigh,5000,9.05,42646525,Nick Kurtz,5200,10.24,42646312,Jeff McNeil,3500,6.85,42646390,Brendan Donovan,4000,7.95,42646519,Jacob Wilson,3700,6.14,42646422,Julio Rodriguez,4500,8.84,42646418,Dominic Canzone,3300,6.40,42646365,Luke Raley,3500,7.15,84.08,49900,18.7,1.8678e+1
42646284,Chris Martin,4000,2.22,42646426,J.T. Ginn,7300,12.34,42646375,Shea Langeliers,5700,9.66,42646454,Brett Baty,4000,5.95,42646270,Marcus Semien,3300,5.77,42646364,Bo Bichette,4100,6.22,42646286,Francisco Lindor,4600,7.31,42646274,Nick Castellanos,3000,6.11,42646332,Ramon Laureano,4200,7.78,42646421,Andy Pages,4700,7.14,70.50,44900,12.5,1.2471e+1
42646451,Randy Vasquez,8000,10.09,42646294,Clay Holmes,8700,10.19,42646320,Danny Jansen,3200,6.56,42646525,Nick Kurtz,5200,10.24,42646377,Josh Smith,3100,6.47,42646364,Bo Bichette,4100,6.22,42646286,Francisco Lindor,4600,7.31,42646277,Joc Pederson,3000,6.30,42646518,Wyatt Langford,4000,8.93,42646526,Carson Benge,3100,5.67,77.98,47000,17.8,1.7762e+1
42646408,Emerson Hancock,8500,11.27,42646426,J.T. Ginn,7300,12.34,42646361,Cal Raleigh,5000,9.05,42646349,Josh Naylor,3900,7.62,42646312,Jeff McNeil,3500,6.85,42646390,Brendan Donovan,4000,7.95,42646386,Hyeseong Kim,2600,4.67,42646418,Dominic Canzone,3300,6.40,42646470,Tyler Soderstrom,4700,8.51,42646365,Luke Raley,3500,7.15,81.81,46300,19.1,1.9105e+1
42646428,Hogan Harris,6800,1.52,42646445,Kumar Rocker,6700,9.47,42646341,Will Smith,4200,8.25,42646260,Freddie Freeman,5000,8.25,42646508,Alex Freeland,3000,5.01,42646269,Max Muncy,4300,7.67,42646302,Corey Seager,5000,9.93,42646418,Dominic Canzone,3300,6.40,42646287,Brandon Nimmo,4900,9.01,42646421,Andy Pages,4700,7.14,72.65,47900,17.9,1.7854e+1
42646451,Randy Vasquez,8000,10.09,42646294,Clay Holmes,8700,10.19,42646375,Shea Langeliers,5700,9.66,42646525,Nick Kurtz,5200,10.24,42646377,Josh Smith,3100,6.47,42646415,Josh Jung,2900,6.65,42646286,Francisco Lindor,4600,7.31,42646476,Evan Carter,4200,8.33,42646277,Joc Pederson,3000,6.30,42646412,Ezequiel Duran,2700,5.70,80.94,48100,20.9,2.0921e+1
42646408,Emerson Hancock,8500,11.27,42646445,Kumar Rocker,6700,9.47,42646320,Danny Jansen,3200,6.56,42646260,Freddie Freeman,5000,8.25,42646377,Josh Smith,3100,6.47,42646415,Josh Jung,2900,6.65,42646302,Corey Seager,5000,9.93,42646287,Brandon Nimmo,4900,9.01,42646421,Andy Pages,4700,7.14,42646285,Teoscar Hernandez,4800,7.39,82.14,48800,20.8,2.0755e+1
42646426,J.T. Ginn,7300,12.34,42646278,Wandy Peralta,4000,2.02,42646361,Cal Raleigh,5000,9.05,42646349,Josh Naylor,3900,7.62,42646337,Jake Cronenworth,3400,6.49,42646390,Brendan Donovan,4000,7.95,42646281,Xander Bogaerts,4100,7.41,42646422,Julio Rodriguez,4500,8.84,42646359,Randy Arozarena,4200,7.82,42646285,Teoscar Hernandez,4800,7.39,76.93,45200,15.8,1.5840e+1
42646343,Eduard Bazardo,4000,2.42,42646437,Alex Vesia,4000,2.60,42646375,Shea Langeliers,5700,9.66,42646260,Freddie Freeman,5000,8.25,42646312,Jeff McNeil,3500,6.85,42646269,Max Muncy,4300,7.67,42646519,Jacob Wilson,3700,6.14,42646470,Tyler Soderstrom,4700,8.51,42646489,Jackson Merrill,4500,9.22,42646348,Kyle Tucker,6000,9.07,70.39,45400,16.5,1.6546e+1
42646451,Randy Vasquez,8000,10.09,42646426,J.T. Ginn,7300,12.34,42646341,Will Smith,4200,8.25,42646260,Freddie Freeman,5000,8.25,42646312,Jeff McNeil,3500,6.85,42646269,Max Muncy,4300,7.67,42646286,Francisco Lindor,4600,7.31,42646440,Denzel Clarke,2200,5.45,42646348,Kyle Tucker,6000,9.07,42646421,Andy Pages,4700,7.14,82.42,49800,19.6,1.9619e+1
42646445,Kumar Rocker,6700,9.47,42646294,Clay Holmes,8700,10.19,42646320,Danny Jansen,3200,6.56,42646352,Ty France,2400,5.72,42646377,Josh Smith,3100,6.47,42646390,Brendan Donovan,4000,7.95,42646302,Corey Seager,5000,9.93,42646277,Joc Pederson,3000,6.30,42646422,Julio Rodriguez,4500,8.84,42646518,Wyatt Langford,4000,8.93,80.36,44600,19.2,1.9198e+1
42646408,Emerson Hancock,8500,11.27,42646514,David Morgan,4000,2.86,42646375,Shea Langeliers,5700,9.66,42646525,Nick Kurtz,5200,10.24,42646377,Josh Smith,3100,6.47,42646412,Ezequiel Duran,2700,5.70,42646302,Corey Seager,5000,9.93,42646430,Lawrence Butler,3600,7.88,42646287,Brandon Nimmo,4900,9.01,42646470,Tyler Soderstrom,4700,8.51,81.53,47400,21.9,2.1887e+1
42646451,Randy Vasquez,8000,10.09,42646294,Clay Holmes,8700,10.19,42646453,Francisco Alvarez,4100,5.73,42646454,Brett Baty,4000,5.95,42646377,Josh Smith,3100,6.47,42646415,Josh Jung,2900,6.65,42646286,Francisco Lindor,4600,7.31,42646332,Ramon Laureano,4200,7.78,42646476,Evan Carter,4200,8.33,42646287,Brandon Nimmo,4900,9.01,77.51,48700,17.6,1.7608e+1
42646426,J.T. Ginn,7300,12.34,42646408,Emerson Hancock,8500,11.27,42646375,Shea Langeliers,5700,9.66,42646525,Nick Kurtz,5200,10.24,42646312,Jeff McNeil,3500,6.85,42646390,Brendan Donovan,4000,7.95,42646519,Jacob Wilson,3700,6.14,42646418,Dominic Canzone,3300,6.40,42646430,Lawrence Butler,3600,7.88,42646365,Luke Raley,3500,7.15,85.88,48300,20.4,2.0399e+1
42646523,Bradgley Rodriguez,4000,1.47,42646445,Kumar Rocker,6700,9.47,42646361,Cal Raleigh,5000,9.05,42646349,Josh Naylor,3900,7.62,42646386,Hyeseong Kim,2600,4.67,42646269,Max Muncy,4300,7.67,42646281,Xander Bogaerts,4100,7.41,42646418,Dominic Canzone,3300,6.40,42646348,Kyle Tucker,6000,9.07,42646285,Teoscar Hernandez,4800,7.39,70.22,44700,15.8,1.5792e+1
42646451,Randy Vasquez,8000,10.09,42646294,Clay Holmes,8700,10.19,42646320,Danny Jansen,3200,6.56,42646525,Nick Kurtz,5200,10.24,42646337,Jake Cronenworth,3400,6.49,42646412,Ezequiel Duran,2700,5.70,42646519,Jacob Wilson,3700,6.14,42646476,Evan Carter,4200,8.33,42646470,Tyler Soderstrom,4700,8.51,42646287,Brandon Nimmo,4900,9.01,81.26,48700,19.8,1.9813e+1
42646408,Emerson Hancock,8500,11.27,42646426,J.T. Ginn,7300,12.34,42646505,Dalton Rushing,3100,6.49,42646454,Brett Baty,4000,5.95,42646270,Marcus Semien,3300,5.77,42646269,Max Muncy,4300,7.67,42646286,Francisco Lindor,4600,7.31,42646388,Luis Robert Jr.,5100,6.93,42646421,Andy Pages,4700,7.14,42646259,Tommy Pham,2500,5.01,75.88,47400,12.7,1.2700e+1
42646445,Kumar Rocker,6700,9.47,42646303,Edwin Diaz,4000,1.72,42646361,Cal Raleigh,5000,9.05,42646349,Josh Naylor,3900,7.62,42646270,Marcus Semien,3300,5.77,42646390,Brendan Donovan,4000,7.95,42646302,Corey Seager,5000,9.93,42646422,Julio Rodriguez,4500,8.84,42646274,Nick Castellanos,3000,6.11,42646285,Teoscar Hernandez,4800,7.39,73.85,44200,16.4,1.6377e+1
42646296,Jakob Junis,6700,2.55,42646275,Jason Adam,4000,2.94,42646341,Will Smith,4200,8.25,42646260,Freddie Freeman,5000,8.25,42646508,Alex Freeland,3000,5.01,42646415,Josh Jung,2900,6.65,42646302,Corey Seager,5000,9.93,42646470,Tyler Soderstrom,4700,8.51,42646285,Teoscar Hernandez,4800,7.39,42646348,Kyle Tucker,6000,9.07,68.55,46300,16.1,1.6123e+1
42646408,Emerson Hancock,8500,11.27,42646451,Randy Vasquez,8000,10.09,42646453,Francisco Alvarez,4100,5.73,42646525,Nick Kurtz,5200,10.24,42646377,Josh Smith,3100,6.47,42646415,Josh Jung,2900,6.65,42646286,Francisco Lindor,4600,7.31,42646489,Jackson Merrill,4500,9.22,42646287,Brandon Nimmo,4900,9.01,42646518,Wyatt Langford,4000,8.93,84.92,49800,20.7,2.0715e+1
42646445,Kumar Rocker,6700,9.47,42646294,Clay Holmes,8700,10.19,42646361,Cal Raleigh,5000,9.05,42646334,Gavin Sheets,3700,7.04,42646377,Josh Smith,3100,6.47,42646415,Josh Jung,2900,6.65,42646302,Corey Seager,5000,9.93,42646476,Evan Carter,4200,8.33,42646277,Joc Pederson,3000,6.30,42646422,Julio Rodriguez,4500,8.84,82.27,46800,21.0,2.0955e+1
42646426,J.T. Ginn,7300,12.34,42646313,Sean Manaea,7200,1.81,42646375,Shea Langeliers,5700,9.66,42646349,Josh Naylor,3900,7.62,42646312,Jeff McNeil,3500,6.85,42646486,Max Muncy,3900,7.21,42646519,Jacob Wilson,3700,6.14,42646470,Tyler Soderstrom,4700,8.51,42646489,Jackson Merrill,4500,9.22,42646418,Dominic Canzone,3300,6.40,75.76,47700,16.5,1.6510e+1
42646445,Kumar Rocker,6700,9.47,42646451,Randy Vasquez,8000,10.09,42646320,Danny Jansen,3200,6.56,42646334,Gavin Sheets,3700,7.04,42646337,Jake Cronenworth,3400,6.49,42646273,Manny Machado,4700,7.41,42646302,Corey Seager,5000,9.93,42646476,Evan Carter,4200,8.33,42646287,Brandon Nimmo,4900,9.01,42646277,Joc Pederson,3000,6.30,80.63,46800,21.0,2.1012e+1
42646426,J.T. Ginn,7300,12.34,42646294,Clay Holmes,8700,10.19,42646453,Francisco Alvarez,4100,5.73,42646334,Gavin Sheets,3700,7.04,42646270,Marcus Semien,3300,5.77,42646390,Brendan Donovan,4000,7.95,42646286,Francisco Lindor,4600,7.31,42646274,Nick Castellanos,3000,6.11,42646526,Carson Benge,3100,5.67,42646454,Brett Baty,4000,5.95,74.06,45800,12.0,1.1963e+1
42646321,Gabe Speier,4000,2.26,42646408,Emerson Hancock,8500,11.27,42646505,Dalton Rushing,3100,6.49,42646525,Nick Kurtz,5200,10.24,42646508,Alex Freeland,3000,5.01,42646486,Max Muncy,3900,7.21,42646519,Jacob Wilson,3700,6.14,42646418,Dominic Canzone,3300,6.40,42646470,Tyler Soderstrom,4700,8.51,42646421,Andy Pages,4700,7.14,70.67,44100,14.3,1.4330e+1
42646451,Randy Vasquez,8000,10.09,42646445,Kumar Rocker,6700,9.47,42646341,Will Smith,4200,8.25,42646260,Freddie Freeman,5000,8.25,42646508,Alex Freeland,3000,5.01,42646269,Max Muncy,4300,7.67,42646302,Corey Seager,5000,9.93,42646332,Ramon Laureano,4200,7.78,42646277,Joc Pederson,3000,6.30,42646421,Andy Pages,4700,7.14,79.89,48100,21.0,2.1014e+1
42646408,Emerson Hancock,8500,11.27,42646294,Clay Holmes,8700,10.19,42646375,Shea Langeliers,5700,9.66,42646525,Nick Kurtz,5200,10.24,42646312,Jeff McNeil,3500,6.85,42646486,Max Muncy,3900,7.21,42646519,Jacob Wilson,3700,6.14,42646277,Joc Pederson,3000,6.30,42646476,Evan Carter,4200,8.33,42646418,Dominic Canzone,3300,6.40,82.59,49700,20.0,1.9983e+1
42646321,Gabe Speier,4000,2.26,42646426,J.T. Ginn,7300,12.34,42646361,Cal Raleigh,5000,9.05,42646260,Freddie Freeman,5000,8.25,42646386,Hyeseong Kim,2600,4.67,42646269,Max Muncy,4300,7.67,42646286,Francisco Lindor,4600,7.31,42646259,Tommy Pham,2500,5.01,42646285,Teoscar Hernandez,4800,7.39,42646421,Andy Pages,4700,7.14,71.09,44800,15.6,1.5558e+1
42646284,Chris Martin,4000,2.22,42646322,Mark Leiter Jr.,4000,2.83,42646375,Shea Langeliers,5700,9.66,42646260,Freddie Freeman,5000,8.25,42646508,Alex Freeland,3000,5.01,42646269,Max Muncy,4300,7.67,42646281,Xander Bogaerts,4100,7.41,42646287,Brandon Nimmo,4900,9.01,42646421,Andy Pages,4700,7.14,42646285,Teoscar Hernandez,4800,7.39,66.59,44500,14.9,1.4938e+1
42646408,Emerson Hancock,8500,11.27,42646451,Randy Vasquez,8000,10.09,42646320,Danny Jansen,3200,6.56,42646454,Brett Baty,4000,5.95,42646377,Josh Smith,3100,6.47,42646364,Bo Bichette,4100,6.22,42646286,Francisco Lindor,4600,7.31,42646287,Brandon Nimmo,4900,9.01,42646476,Evan Carter,4200,8.33,42646430,Lawrence Butler,3600,7.88,79.09,48200,18.3,1.8303e+1
42646445,Kumar Rocker,6700,9.47,42646294,Clay Holmes,8700,10.19,42646361,Cal Raleigh,5000,9.05,42646349,Josh Naylor,3900,7.62,42646377,Josh Smith,3100,6.47,42646339,Leo Rivas,2300,5.67,42646302,Corey Seager,5000,9.93,42646412,Ezequiel Duran,2700,5.70,42646476,Evan Carter,4200,8.33,42646277,Joc Pederson,3000,6.30,78.73,44600,20.7,2.0742e+1
42646426,J.T. Ginn,7300,12.34,42646268,Brooks Raley,4000,1.69,42646375,Shea Langeliers,5700,9.66,42646525,Nick Kurtz,5200,10.24,42646337,Jake Cronenworth,3400,6.49,42646486,Max Muncy,3900,7.21,42646281,Xander Bogaerts,4100,7.41,42646274,Nick Castellanos,3000,6.11,42646470,Tyler Soderstrom,4700,8.51,42646332,Ramon Laureano,4200,7.78,77.44,45500,17.1,1.7072e+1
42646426,J.T. Ginn,7300,12.34,42646294,Clay Holmes,8700,10.19,42646367,Freddy Fermin,2600,4.71,42646334,Gavin Sheets,3700,7.04,42646337,Jake Cronenworth,3400,6.49,42646390,Brendan Donovan,4000,7.95,42646286,Francisco Lindor,4600,7.31,42646274,Nick Castellanos,3000,6.11,42646430,Lawrence Butler,3600,7.88,42646332,Ramon Laureano,4200,7.78,77.80,45100,14.7,1.4748e+1
42646451,Randy Vasquez,8000,10.09,42646445,Kumar Rocker,6700,9.47,42646320,Danny Jansen,3200,6.56,42646352,Ty France,2400,5.72,42646337,Jake Cronenworth,3400,6.49,42646273,Manny Machado,4700,7.41,42646281,Xander Bogaerts,4100,7.41,42646332,Ramon Laureano,4200,7.78,42646285,Teoscar Hernandez,4800,7.39,42646348,Kyle Tucker,6000,9.07,77.39,47500,15.9,1.5870e+1
42646321,Gabe Speier,4000,2.26,42646408,Emerson Hancock,8500,11.27,42646361,Cal Raleigh,5000,9.05,42646525,Nick Kurtz,5200,10.24,42646312,Jeff McNeil,3500,6.85,42646486,Max Muncy,3900,7.21,42646519,Jacob Wilson,3700,6.14,42646518,Wyatt Langford,4000,8.93,42646287,Brandon Nimmo,4900,9.01,42646470,Tyler Soderstrom,4700,8.51,79.47,47400,20.2,2.0226e+1
42646451,Randy Vasquez,8000,10.09,42646294,Clay Holmes,8700,10.19,42646320,Danny Jansen,3200,6.56,42646352,Ty France,2400,5.72,42646377,Josh Smith,3100,6.47,42646415,Josh Jung,2900,6.65,42646286,Francisco Lindor,4600,7.31,42646287,Brandon Nimmo,4900,9.01,42646518,Wyatt Langford,4000,8.93,42646388,Luis Robert Jr.,5100,6.93,77.86,46900,16.8,1.6847e+1
42646426,J.T. Ginn,7300,12.34,42646408,Emerson Hancock,8500,11.27,42646505,Dalton Rushing,3100,6.49,42646525,Nick Kurtz,5200,10.24,42646312,Jeff McNeil,3500,6.85,42646486,Max Muncy,3900,7.21,42646519,Jacob Wilson,3700,6.14,42646430,Lawrence Butler,3600,7.88,42646285,Teoscar Hernandez,4800,7.39,42646421,Andy Pages,4700,7.14,82.95,48300,18.6,1.8615e+1
42646445,Kumar Rocker,6700,9.47,42646321,Gabe Speier,4000,2.26,42646361,Cal Raleigh,5000,9.05,42646260,Freddie Freeman,5000,8.25,42646337,Jake Cronenworth,3400,6.49,42646269,Max Muncy,4300,7.67,42646281,Xander Bogaerts,4100,7.41,42646348,Kyle Tucker,6000,9.07,42646421,Andy Pages,4700,7.14,42646388,Luis Robert Jr.,5100,6.93,73.74,48300,15.1,1.5076e+1
42646321,Gabe Speier,4000,2.26,42646437,Alex Vesia,4000,2.60,42646361,Cal Raleigh,5000,9.05,42646260,Freddie Freeman,5000,8.25,42646312,Jeff McNeil,3500,6.85,42646269,Max Muncy,4300,7.67,42646302,Corey Seager,5000,9.93,42646430,Lawrence Butler,3600,7.88,42646285,Teoscar Hernandez,4800,7.39,42646348,Kyle Tucker,6000,9.07,70.95,45200,18.0,1.8038e+1
42646408,Emerson Hancock,8500,11.27,42646294,Clay Holmes,8700,10.19,42646361,Cal Raleigh,5000,9.05,42646525,Nick Kurtz,5200,10.24,42646377,Josh Smith,3100,6.47,42646412,Ezequiel Duran,2700,5.70,42646286,Francisco Lindor,4600,7.31,42646287,Brandon Nimmo,4900,9.01,42646518,Wyatt Langford,4000,8.93,42646440,Denzel Clarke,2200,5.45,83.62,48900,20.1,2.0133e+1
42646426,J.T. Ginn,7300,12.34,42646451,Randy Vasquez,8000,10.09,42646341,Will Smith,4200,8.25,42646352,Ty France,2400,5.72,42646337,Jake Cronenworth,3400,6.49,42646269,Max Muncy,4300,7.67,42646519,Jacob Wilson,3700,6.14,42646274,Nick Castellanos,3000,6.11,42646348,Kyle Tucker,6000,9.07,42646285,Teoscar Hernandez,4800,7.39,79.27,47100,17.5,1.7522e+1
42646321,Gabe Speier,4000,2.26,42646445,Kumar Rocker,6700,9.47,42646341,Will Smith,4200,8.25,42646349,Josh Naylor,3900,7.62,42646504,Cole Young,3100,6.25,42646269,Max Muncy,4300,7.67,42646281,Xander Bogaerts,4100,7.41,42646418,Dominic Canzone,3300,6.40,42646421,Andy Pages,4700,7.14,42646348,Kyle Tucker,6000,9.07,71.54,44300,13.9,1.3944e+1
42646451,Randy Vasquez,8000,10.09,42646294,Clay Holmes,8700,10.19,42646453,Francisco Alvarez,4100,5.73,42646454,Brett Baty,4000,5.95,42646337,Jake Cronenworth,3400,6.49,42646364,Bo Bichette,4100,6.22,42646286,Francisco Lindor,4600,7.31,42646332,Ramon Laureano,4200,7.78,42646274,Nick Castellanos,3000,6.11,42646526,Carson Benge,3100,5.67,71.54,47200,11.5,1.1459e+1
42646445,Kumar Rocker,6700,9.47,42646408,Emerson Hancock,8500,11.27,42646341,Will Smith,4200,8.25,42646260,Freddie Freeman,5000,8.25,42646377,Josh Smith,3100,6.47,42646415,Josh Jung,2900,6.65,42646302,Corey Seager,5000,9.93,42646277,Joc Pederson,3000,6.30,42646287,Brandon Nimmo,4900,9.01,42646388,Luis Robert Jr.,5100,6.93,82.53,48400,21.7,2.1666e+1
42646278,Wandy Peralta,4000,2.02,42646426,J.T. Ginn,7300,12.34,42646375,Shea Langeliers,5700,9.66,42646525,Nick Kurtz,5200,10.24,42646337,Jake Cronenworth,3400,6.49,42646486,Max Muncy,3900,7.21,42646519,Jacob Wilson,3700,6.14,42646373,Carlos Cortes,3300,6.19,42646274,Nick Castellanos,3000,6.11,42646285,Teoscar Hernandez,4800,7.39,73.79,44300,16.4,1.6412e+1
42646451,Randy Vasquez,8000,10.09,42646294,Clay Holmes,8700,10.19,42646375,Shea Langeliers,5700,9.66,42646525,Nick Kurtz,5200,10.24,42646377,Josh Smith,3100,6.47,42646412,Ezequiel Duran,2700,5.70,42646519,Jacob Wilson,3700,6.14,42646470,Tyler Soderstrom,4700,8.51,42646277,Joc Pederson,3000,6.30,42646373,Carlos Cortes,3300,6.19,79.49,48100,20.6,2.0624e+1
42646445,Kumar Rocker,6700,9.47,42646408,Emerson Hancock,8500,11.27,42646320,Danny Jansen,3200,6.56,42646260,Freddie Freeman,5000,8.25,42646377,Josh Smith,3100,6.47,42646412,Ezequiel Duran,2700,5.70,42646286,Francisco Lindor,4600,7.31,42646476,Evan Carter,4200,8.33,42646518,Wyatt Langford,4000,8.93,42646421,Andy Pages,4700,7.14,79.43,46700,18.4,1.8402e+1
42646426,J.T. Ginn,7300,12.34,42646295,Luke Weaver,4000,2.98,42646361,Cal Raleigh,5000,9.05,42646260,Freddie Freeman,5000,8.25,42646270,Marcus Semien,3300,5.77,42646486,Max Muncy,3900,7.21,42646386,Hyeseong Kim,2600,4.67,42646259,Tommy Pham,2500,5.01,42646421,Andy Pages,4700,7.14,42646348,Kyle Tucker,6000,9.07,71.49,44300,15.0,1.4966e+1
42646514,David Morgan,4000,2.86,42646279,Blake Treinen,4000,3.42,42646361,Cal Raleigh,5000,9.05,42646260,Freddie Freeman,5000,8.25,42646508,Alex Freeland,3000,5.01,42646269,Max Muncy,4300,7.67,42646302,Corey Seager,5000,9.93,42646388,Luis Robert Jr.,5100,6.93,42646421,Andy Pages,4700,7.14,42646285,Teoscar Hernandez,4800,7.39,67.65,44900,15.0,1.5014e+1
42646408,Emerson Hancock,8500,11.27,42646294,Clay Holmes,8700,10.19,42646375,Shea Langeliers,5700,9.66,42646454,Brett Baty,4000,5.95,42646312,Jeff McNeil,3500,6.85,42646415,Josh Jung,2900,6.65,42646286,Francisco Lindor,4600,7.31,42646277,Joc Pederson,3000,6.30,42646476,Evan Carter,4200,8.33,42646518,Wyatt Langford,4000,8.93,81.44,49100,18.8,1.8753e+1
42646451,Randy Vasquez,8000,10.09,42646445,Kumar Rocker,6700,9.47,42646320,Danny Jansen,3200,6.56,42646352,Ty France,2400,5.72,42646508,Alex Freeland,3000,5.01,42646273,Manny Machado,4700,7.41,42646302,Corey Seager,5000,9.93,42646277,Joc Pederson,3000,6.30,42646476,Evan Carter,4200,8.33,42646518,Wyatt Langford,4000,8.93,77.75,44200,19.9,1.9927e+1
42646426,J.T. Ginn,7300,12.34,42646313,Sean Manaea,7200,1.81,42646375,Shea Langeliers,5700,9.66,42646525,Nick Kurtz,5200,10.24,42646337,Jake Cronenworth,3400,6.49,42646486,Max Muncy,3900,7.21,42646519,Jacob Wilson,3700,6.14,42646470,Tyler Soderstrom,4700,8.51,42646332,Ramon Laureano,4200,7.78,42646396,MJ Melendez,2000,5.06,75.24,47300,17.1,1.7138e+1
42646451,Randy Vasquez,8000,10.09,42646294,Clay Holmes,8700,10.19,42646453,Francisco Alvarez,4100,5.73,42646334,Gavin Sheets,3700,7.04,42646337,Jake Cronenworth,3400,6.49,42646273,Manny Machado,4700,7.41,42646286,Francisco Lindor,4600,7.31,42646274,Nick Castellanos,3000,6.11,42646489,Jackson Merrill,4500,9.22,42646388,Luis Robert Jr.,5100,6.93,76.52,49800,12.7,1.2672e+1
42646426,J.T. Ginn,7300,12.34,42646408,Emerson Hancock,8500,11.27,42646361,Cal Raleigh,5000,9.05,42646349,Josh Naylor,3900,7.62,42646508,Alex Freeland,3000,5.01,42646269,Max Muncy,4300,7.67,42646386,Hyeseong Kim,2600,4.67,42646359,Randy Arozarena,4200,7.82,42646421,Andy Pages,4700,7.14,42646348,Kyle Tucker,6000,9.07,81.66,49500,19.3,1.9264e+1
42646445,Kumar Rocker,6700,9.47,42646279,Blake Treinen,4000,3.42,42646341,Will Smith,4200,8.25,42646260,Freddie Freeman,5000,8.25,42646377,Josh Smith,3100,6.47,42646269,Max Muncy,4300,7.67,42646302,Corey Seager,5000,9.93,42646277,Joc Pederson,3000,6.30,42646287,Brandon Nimmo,4900,9.01,42646476,Evan Carter,4200,8.33,77.10,44400,21.9,2.1937e+1
42646451,Randy Vasquez,8000,10.09,42646294,Clay Holmes,8700,10.19,42646320,Danny Jansen,3200,6.56,42646334,Gavin Sheets,3700,7.04,42646377,Josh Smith,3100,6.47,42646273,Manny Machado,4700,7.41,42646302,Corey Seager,5000,9.93,42646430,Lawrence Butler,3600,7.88,42646287,Brandon Nimmo,4900,9.01,42646277,Joc Pederson,3000,6.30,80.88,47900,20.8,2.0843e+1
42646378,Elvis Alvarado,4000,1.26,42646408,Emerson Hancock,8500,11.27,42646320,Danny Jansen,3200,6.56,42646525,Nick Kurtz,5200,10.24,42646312,Jeff McNeil,3500,6.85,42646486,Max Muncy,3900,7.21,42646286,Francisco Lindor,4600,7.31,42646470,Tyler Soderstrom,4700,8.51,42646287,Brandon Nimmo,4900,9.01,42646476,Evan Carter,4200,8.33,76.55,46700,18.7,1.8657e+1
42646426,J.T. Ginn,7300,12.34,42646445,Kumar Rocker,6700,9.47,42646341,Will Smith,4200,8.25,42646352,Ty France,2400,5.72,42646337,Jake Cronenworth,3400,6.49,42646269,Max Muncy,4300,7.67,42646281,Xander Bogaerts,4100,7.41,42646359,Randy Arozarena,4200,7.82,42646348,Kyle Tucker,6000,9.07,42646285,Teoscar Hernandez,4800,7.39,81.63,47400,16.8,1.6772e+1
42646278,Wandy Peralta,4000,2.02,42646279,Blake Treinen,4000,3.42,42646375,Shea Langeliers,5700,9.66,42646525,Nick Kurtz,5200,10.24,42646312,Jeff McNeil,3500,6.85,42646390,Brendan Donovan,4000,7.95,42646519,Jacob Wilson,3700,6.14,42646470,Tyler Soderstrom,4700,8.51,42646287,Brandon Nimmo,4900,9.01,42646285,Teoscar Hernandez,4800,7.39,71.19,44500,17.9,1.7929e+1
42646451,Randy Vasquez,8000,10.09,42646445,Kumar Rocker,6700,9.47,42646505,Dalton Rushing,3100,6.49,42646334,Gavin Sheets,3700,7.04,42646508,Alex Freeland,3000,5.01,42646269,Max Muncy,4300,7.67,42646286,Francisco Lindor,4600,7.31,42646421,Andy Pages,4700,7.14,42646388,Luis Robert Jr.,5100,6.93,42646285,Teoscar Hernandez,4800,7.39,74.54,48000,14.6,1.4570e+1
42646408,Emerson Hancock,8500,11.27,42646294,Clay Holmes,8700,10.19,42646361,Cal Raleigh,5000,9.05,42646454,Brett Baty,4000,5.95,42646377,Josh Smith,3100,6.47,42646412,Ezequiel Duran,2700,5.70,42646302,Corey Seager,5000,9.93,42646277,Joc Pederson,3000,6.30,42646430,Lawrence Butler,3600,7.88,42646287,Brandon Nimmo,4900,9.01,81.75,48500,20.6,2.0557e+1
42646426,J.T. Ginn,7300,12.34,42646480,Justin Sterner,4000,1.96,42646505,Dalton Rushing,3100,6.49,42646525,Nick Kurtz,5200,10.24,42646270,Marcus Semien,3300,5.77,42646269,Max Muncy,4300,7.67,42646386,Hyeseong Kim,2600,4.67,42646365,Luke Raley,3500,7.15,42646421,Andy Pages,4700,7.14,42646348,Kyle Tucker,6000,9.07,72.50,44000,15.9,1.5928e+1
42646408,Emerson Hancock,8500,11.27,42646314,Shohei Ohtani,9500,23.57,42646505,Dalton Rushing,3100,6.49,42646260,Freddie Freeman,5000,8.25,42646312,Jeff McNeil,3500,6.85,42646390,Brendan Donovan,4000,7.95,42646386,Hyeseong Kim,2600,4.67,42646470,Tyler Soderstrom,4700,8.51,42646440,Denzel Clarke,2200,5.45,42646348,Kyle Tucker,6000,9.07,92.08,49100,24.0,2.4030e+1
42646314,Shohei Ohtani,9500,23.57,42646420,Jack Dreyer,4000,1.73,42646341,Will Smith,4200,8.25,42646525,Nick Kurtz,5200,10.24,42646337,Jake Cronenworth,3400,6.49,42646486,Max Muncy,3900,7.21,42646519,Jacob Wilson,3700,6.14,42646470,Tyler Soderstrom,4700,8.51,42646373,Carlos Cortes,3300,6.19,42646285,Teoscar Hernandez,4800,7.39,85.72,46700,21.1,2.1094e+1
42646379,Andres Munoz,4000,0.87,42646314,Shohei Ohtani,9500,23.57,42646320,Danny Jansen,3200,6.56,42646260,Freddie Freeman,5000,8.25,42646377,Josh Smith,3100,6.47,42646412,Ezequiel Duran,2700,5.70,42646519,Jacob Wilson,3700,6.14,42646518,Wyatt Langford,4000,8.93,42646287,Brandon Nimmo,4900,9.01,42646285,Teoscar Hernandez,4800,7.39,82.89,44900,22.8,2.2754e+1
42646408,Emerson Hancock,8500,11.27,42646294,Clay Holmes,8700,10.19,42646505,Dalton Rushing,3100,6.49,42646525,Nick Kurtz,5200,10.24,42646377,Josh Smith,3100,6.47,42646415,Josh Jung,2900,6.65,42646302,Corey Seager,5000,9.93,42646430,Lawrence Butler,3600,7.88,42646412,Ezequiel Duran,2700,5.70,42646476,Evan Carter,4200,8.33,83.15,47000,20.8,2.0793e+1
42646451,Randy Vasquez,8000,10.09,42646426,J.T. Ginn,7300,12.34,42646505,Dalton Rushing,3100,6.49,42646352,Ty France,2400,5.72,42646337,Jake Cronenworth,3400,6.49,42646273,Manny Machado,4700,7.41,42646281,Xander Bogaerts,4100,7.41,42646489,Jackson Merrill,4500,9.22,42646421,Andy Pages,4700,7.14,42646348,Kyle Tucker,6000,9.07,81.38,48200,15.8,1.5791e+1
42646408,Emerson Hancock,8500,11.27,42646314,Shohei Ohtani,9500,23.57,42646320,Danny Jansen,3200,6.56,42646525,Nick Kurtz,5200,10.24,42646312,Jeff McNeil,3500,6.85,42646269,Max Muncy,4300,7.67,42646519,Jacob Wilson,3700,6.14,42646440,Denzel Clarke,2200,5.45,42646430,Lawrence Butler,3600,7.88,42646421,Andy Pages,4700,7.14,92.77,48400,23.9,2.3920e+1
42646445,Kumar Rocker,6700,9.47,42646314,Shohei Ohtani,9500,23.57,42646320,Danny Jansen,3200,6.56,42646349,Josh Naylor,3900,7.62,42646377,Josh Smith,3100,6.47,42646390,Brendan Donovan,4000,7.95,42646302,Corey Seager,5000,9.93,42646412,Ezequiel Duran,2700,5.70,42646518,Wyatt Langford,4000,8.93,42646418,Dominic Canzone,3300,6.40,92.60,45400,24.7,2.4700e+1
42646514,David Morgan,4000,2.86,42646445,Kumar Rocker,6700,9.47,42646453,Francisco Alvarez,4100,5.73,42646454,Brett Baty,4000,5.95,42646508,Alex Freeland,3000,5.01,42646364,Bo Bichette,4100,6.22,42646286,Francisco Lindor,4600,7.31,42646332,Ramon Laureano,4200,7.78,42646489,Jackson Merrill,4500,9.22,42646388,Luis Robert Jr.,5100,6.93,66.48,44300,10.2,1.0225e+1
42646408,Emerson Hancock,8500,11.27,42646294,Clay Holmes,8700,10.19,42646361,Cal Raleigh,5000,9.05,42646525,Nick Kurtz,5200,10.24,42646504,Cole Young,3100,6.25,42646390,Brendan Donovan,4000,7.95,42646339,Leo Rivas,2300,5.67,42646287,Brandon Nimmo,4900,9.01,42646365,Luke Raley,3500,7.15,42646476,Evan Carter,4200,8.33,85.11,49400,19.8,1.9826e+1
42646451,Randy Vasquez,8000,10.09,42646314,Shohei Ohtani,9500,23.57,42646320,Danny Jansen,3200,6.56,42646525,Nick Kurtz,5200,10.24,42646312,Jeff McNeil,3500,6.85,42646486,Max Muncy,3900,7.21,42646519,Jacob Wilson,3700,6.14,42646440,Denzel Clarke,2200,5.45,42646277,Joc Pederson,3000,6.30,42646489,Jackson Merrill,4500,9.22,91.63,46700,24.4,2.4416e+1
42646408,Emerson Hancock,8500,11.27,42646314,Shohei Ohtani,9500,23.57,42646361,Cal Raleigh,5000,9.05,42646349,Josh Naylor,3900,7.62,42646312,Jeff McNeil,3500,6.85,42646390,Brendan Donovan,4000,7.95,42646519,Jacob Wilson,3700,6.14,42646430,Lawrence Butler,3600,7.88,42646365,Luke Raley,3500,7.15,42646418,Dominic Canzone,3300,6.40,93.88,48500,23.2,2.3192e+1
42646426,J.T. Ginn,7300,12.34,42646408,Emerson Hancock,8500,11.27,42646341,Will Smith,4200,8.25,42646260,Freddie Freeman,5000,8.25,42646508,Alex Freeland,3000,5.01,42646390,Brendan Donovan,4000,7.95,42646386,Hyeseong Kim,2600,4.67,42646359,Randy Arozarena,4200,7.82,42646365,Luke Raley,3500,7.15,42646348,Kyle Tucker,6000,9.07,81.78,48300,19.0,1.9029e+1
42646445,Kumar Rocker,6700,9.47,42646294,Clay Holmes,8700,10.19,42646453,Francisco Alvarez,4100,5.73,42646349,Josh Naylor,3900,7.62,42646270,Marcus Semien,3300,5.77,42646273,Manny Machado,4700,7.41,42646281,Xander Bogaerts,4100,7.41,42646422,Julio Rodriguez,4500,8.84,42646259,Tommy Pham,2500,5.01,42646396,MJ Melendez,2000,5.06,72.51,44500,11.8,1.1760e+1
42646408,Emerson Hancock,8500,11.27,42646314,Shohei Ohtani,9500,23.57,42646361,Cal Raleigh,5000,9.05,42646349,Josh Naylor,3900,7.62,42646312,Jeff McNeil,3500,6.85,42646486,Max Muncy,3900,7.21,42646519,Jacob Wilson,3700,6.14,42646373,Carlos Cortes,3300,6.19,42646359,Randy Arozarena,4200,7.82,42646430,Lawrence Butler,3600,7.88,93.60,49100,23.5,2.3499e+1
42646295,Luke Weaver,4000,2.98,42646294,Clay Holmes,8700,10.19,42646367,Freddy Fermin,2600,4.71,42646454,Brett Baty,4000,5.95,42646337,Jake Cronenworth,3400,6.49,42646273,Manny Machado,4700,7.41,42646281,Xander Bogaerts,4100,7.41,42646476,Evan Carter,4200,8.33,42646287,Brandon Nimmo,4900,9.01,42646489,Jackson Merrill,4500,9.22,71.70,45100,13.3,1.3310e+1
42646487,Mason Miller,4000,1.34,42646314,Shohei Ohtani,9500,23.57,42646375,Shea Langeliers,5700,9.66,42646349,Josh Naylor,3900,7.62,42646337,Jake Cronenworth,3400,6.49,42646390,Brendan Donovan,4000,7.95,42646281,Xander Bogaerts,4100,7.41,42646418,Dominic Canzone,3300,6.40,42646274,Nick Castellanos,3000,6.11,42646422,Julio Rodriguez,4500,8.84,85.39,45400,19.5,1.9515e+1
42646445,Kumar Rocker,6700,9.47,42646314,Shohei Ohtani,9500,23.57,42646361,Cal Raleigh,5000,9.05,42646349,Josh Naylor,3900,7.62,42646377,Josh Smith,3100,6.47,42646412,Ezequiel Duran,2700,5.70,42646302,Corey Seager,5000,9.93,42646422,Julio Rodriguez,4500,8.84,42646418,Dominic Canzone,3300,6.40,42646365,Luke Raley,3500,7.15,94.20,47200,24.4,2.4363e+1
42646322,Mark Leiter Jr.,4000,2.83,42646408,Emerson Hancock,8500,11.27,42646341,Will Smith,4200,8.25,42646260,Freddie Freeman,5000,8.25,42646270,Marcus Semien,3300,5.77,42646269,Max Muncy,4300,7.67,42646519,Jacob Wilson,3700,6.14,42646259,Tommy Pham,2500,5.01,42646421,Andy Pages,4700,7.14,42646285,Teoscar Hernandez,4800,7.39,69.72,45000,13.7,1.3655e+1
42646275,Jason Adam,4000,2.94,42646294,Clay Holmes,8700,10.19,42646375,Shea Langeliers,5700,9.66,42646334,Gavin Sheets,3700,7.04,42646312,Jeff McNeil,3500,6.85,42646273,Manny Machado,4700,7.41,42646281,Xander Bogaerts,4100,7.41,42646418,Dominic Canzone,3300,6.40,42646489,Jackson Merrill,4500,9.22,42646388,Luis Robert Jr.,5100,6.93,74.05,47300,13.1,1.3147e+1
42646408,Emerson Hancock,8500,11.27,42646314,Shohei Ohtani,9500,23.57,42646375,Shea Langeliers,5700,9.66,42646525,Nick Kurtz,5200,10.24,42646377,Josh Smith,3100,6.47,42646412,Ezequiel Duran,2700,5.70,42646339,Leo Rivas,2300,5.67,42646373,Carlos Cortes,3300,6.19,42646440,Denzel Clarke,2200,5.45,42646430,Lawrence Butler,3600,7.88,92.10,46100,24.4,2.4445e+1
42646408,Emerson Hancock,8500,11.27,42646314,Shohei Ohtani,9500,23.57,42646505,Dalton Rushing,3100,6.49,42646260,Freddie Freeman,5000,8.25,42646312,Jeff McNeil,3500,6.85,42646390,Brendan Donovan,4000,7.95,42646519,Jacob Wilson,3700,6.14,42646430,Lawrence Butler,3600,7.88,42646440,Denzel Clarke,2200,5.45,42646470,Tyler Soderstrom,4700,8.51,92.36,47800,23.3,2.3310e+1
42646284,Chris Martin,4000,2.22,42646426,J.T. Ginn,7300,12.34,42646453,Francisco Alvarez,4100,5.73,42646260,Freddie Freeman,5000,8.25,42646386,Hyeseong Kim,2600,4.67,42646364,Bo Bichette,4100,6.22,42646281,Xander Bogaerts,4100,7.41,42646430,Lawrence Butler,3600,7.88,42646348,Kyle Tucker,6000,9.07,42646285,Teoscar Hernandez,4800,7.39,71.18,45600,14.9,1.4908e+1
42646445,Kumar Rocker,6700,9.47,42646408,Emerson Hancock,8500,11.27,42646341,Will Smith,4200,8.25,42646454,Brett Baty,4000,5.95,42646270,Marcus Semien,3300,5.77,42646415,Josh Jung,2900,6.65,42646302,Corey Seager,5000,9.93,42646396,MJ Melendez,2000,5.06,42646285,Teoscar Hernandez,4800,7.39,42646526,Carson Benge,3100,5.67,75.41,44500,15.2,1.5163e+1
42646378,Elvis Alvarado,4000,1.26,42646314,Shohei Ohtani,9500,23.57,42646375,Shea Langeliers,5700,9.66,42646349,Josh Naylor,3900,7.62,42646504,Cole Young,3100,6.25,42646486,Max Muncy,3900,7.21,42646519,Jacob Wilson,3700,6.14,42646365,Luke Raley,3500,7.15,42646422,Julio Rodriguez,4500,8.84,42646440,Denzel Clarke,2200,5.45,83.15,44000,19.2,1.9219e+1
42646343,Eduard Bazardo,4000,2.42,42646408,Emerson Hancock,8500,11.27,42646341,Will Smith,4200,8.25,42646349,Josh Naylor,3900,7.62,42646337,Jake Cronenworth,3400,6.49,42646390,Brendan Donovan,4000,7.95,42646302,Corey Seager,5000,9.93,42646365,Luke Raley,3500,7.15,42646422,Julio Rodriguez,4500,8.84,42646526,Carson Benge,3100,5.67,75.59,44100,15.7,1.5658e+1
42646321,Gabe Speier,4000,2.26,42646426,J.T. Ginn,7300,12.34,42646375,Shea Langeliers,5700,9.66,42646525,Nick Kurtz,5200,10.24,42646270,Marcus Semien,3300,5.77,42646364,Bo Bichette,4100,6.22,42646286,Francisco Lindor,4600,7.31,42646373,Carlos Cortes,3300,6.19,42646422,Julio Rodriguez,4500,8.84,42646396,MJ Melendez,2000,5.06,73.89,44000,15.1,1.5136e+1
42646408,Emerson Hancock,8500,11.27,42646314,Shohei Ohtani,9500,23.57,42646361,Cal Raleigh,5000,9.05,42646349,Josh Naylor,3900,7.62,42646377,Josh Smith,3100,6.47,42646415,Josh Jung,2900,6.65,42646519,Jacob Wilson,3700,6.14,42646359,Randy Arozarena,4200,7.82,42646418,Dominic Canzone,3300,6.40,42646365,Luke Raley,3500,7.15,92.14,47600,22.7,2.2717e+1
42646303,Edwin Diaz,4000,1.72,42646314,Shohei Ohtani,9500,23.57,42646367,Freddy Fermin,2600,4.71,42646525,Nick Kurtz,5200,10.24,42646337,Jake Cronenworth,3400,6.49,42646273,Manny Machado,4700,7.41,42646281,Xander Bogaerts,4100,7.41,42646430,Lawrence Butler,3600,7.88,42646274,Nick Castellanos,3000,6.11,42646470,Tyler Soderstrom,4700,8.51,84.05,44800,19.7,1.9725e+1
42646451,Randy Vasquez,8000,10.09,42646426,J.T. Ginn,7300,12.34,42646375,Shea Langeliers,5700,9.66,42646525,Nick Kurtz,5200,10.24,42646270,Marcus Semien,3300,5.77,42646273,Manny Machado,4700,7.41,42646519,Jacob Wilson,3700,6.14,42646373,Carlos Cortes,3300,6.19,42646454,Brett Baty,4000,5.95,42646526,Carson Benge,3100,5.67,79.46,48300,18.1,1.8088e+1
42646294,Clay Holmes,8700,10.19,42646314,Shohei Ohtani,9500,23.57,42646320,Danny Jansen,3200,6.56,42646525,Nick Kurtz,5200,10.24,42646312,Jeff McNeil,3500,6.85,42646415,Josh Jung,2900,6.65,42646519,Jacob Wilson,3700,6.14,42646440,Denzel Clarke,2200,5.45,42646470,Tyler Soderstrom,4700,8.51,42646422,Julio Rodriguez,4500,8.84,93.00,48100,23.3,2.3334e+1
42646487,Mason Miller,4000,1.34,42646294,Clay Holmes,8700,10.19,42646361,Cal Raleigh,5000,9.05,42646349,Josh Naylor,3900,7.62,42646337,Jake Cronenworth,3400,6.49,42646390,Brendan Donovan,4000,7.95,42646302,Corey Seager,5000,9.93,42646418,Dominic Canzone,3300,6.40,42646422,Julio Rodriguez,4500,8.84,42646489,Jackson Merrill,4500,9.22,77.03,46300,16.0,1.6042e+1
42646408,Emerson Hancock,8500,11.27,42646480,Justin Sterner,4000,1.96,42646375,Shea Langeliers,5700,9.66,42646525,Nick Kurtz,5200,10.24,42646504,Cole Young,3100,6.25,42646339,Leo Rivas,2300,5.67,42646286,Francisco Lindor,4600,7.31,42646418,Dominic Canzone,3300,6.40,42646422,Julio Rodriguez,4500,8.84,42646454,Brett Baty,4000,5.95,73.55,45200,15.1,1.5061e+1
42646445,Kumar Rocker,6700,9.47,42646314,Shohei Ohtani,9500,23.57,42646361,Cal Raleigh,5000,9.05,42646349,Josh Naylor,3900,7.62,42646377,Josh Smith,3100,6.47,42646390,Brendan Donovan,4000,7.95,42646339,Leo Rivas,2300,5.67,42646418,Dominic Canzone,3300,6.40,42646348,Kyle Tucker,6000,9.07,42646421,Andy Pages,4700,7.14,92.41,48500,23.2,2.3175e+1
42646303,Edwin Diaz,4000,1.72,42646314,Shohei Ohtani,9500,23.57,42646375,Shea Langeliers,5700,9.66,42646352,Ty France,2400,5.72,42646337,Jake Cronenworth,3400,6.49,42646390,Brendan Donovan,4000,7.95,42646281,Xander Bogaerts,4100,7.41,42646274,Nick Castellanos,3000,6.11,42646373,Carlos Cortes,3300,6.19,42646470,Tyler Soderstrom,4700,8.51,83.33,44100,19.1,1.9093e+1
42646514,David Morgan,4000,2.86,42646294,Clay Holmes,8700,10.19,42646320,Danny Jansen,3200,6.56,42646352,Ty France,2400,5.72,42646337,Jake Cronenworth,3400,6.49,42646273,Manny Machado,4700,7.41,42646281,Xander Bogaerts,4100,7.41,42646332,Ramon Laureano,4200,7.78,42646348,Kyle Tucker,6000,9.07,42646421,Andy Pages,4700,7.14,70.63,45400,12.0,1.2043e+1
42646293,Scott Barlow,4000,1.88,42646314,Shohei Ohtani,9500,23.57,42646375,Shea Langeliers,5700,9.66,42646525,Nick Kurtz,5200,10.24,42646504,Cole Young,3100,6.25,42646415,Josh Jung,2900,6.65,42646519,Jacob Wilson,3700,6.14,42646476,Evan Carter,4200,8.33,42646373,Carlos Cortes,3300,6.19,42646470,Tyler Soderstrom,4700,8.51,87.42,46300,23.3,2.3251e+1
42646314,Shohei Ohtani,9500,23.57,42646294,Clay Holmes,8700,10.19,42646375,Shea Langeliers,5700,9.66,42646349,Josh Naylor,3900,7.62,42646312,Jeff McNeil,3500,6.85,42646390,Brendan Donovan,4000,7.95,42646519,Jacob Wilson,3700,6.14,42646440,Denzel Clarke,2200,5.45,42646422,Julio Rodriguez,4500,8.84,42646373,Carlos Cortes,3300,6.19,92.46,49000,23.0,2.2953e+1
