DFS ID,Name,Pos,Team,Opp,Status,Salary,Actual,SS Proj,Live Proj,My Proj,Value,My Own,Adj Own,Min Exp,Max Exp,Saber Team,Saber Total,dk_points,dk_25_percentile,dk_50_percentile,dk_75_percentile,dk_85_percentile,dk_95_percentile,dk_99_percentile,fd_points,fd_25_percentile,fd_50_percentile,fd_75_percentile,fd_85_percentile,fd_95_percentile,fd_99_percentile,yahoo_points,yahoo_25_percentile,yahoo_50_percentile,yahoo_75_percentile,yahoo_85_percentile,yahoo_95_percentile,yahoo_99_percentile,ob_points,ob_25_percentile,ob_50_percentile,ob_75_percentile,ob_85_percentile,ob_95_percentile,ob_99_percentile,dk_std,fd_std,yahoo_std,ob_std,PTS,Min,2PT,3PT,RB,Off Reb,Def Reb,AST,STL,BLK,TO
42098957,Victor Wembanyama,C/UTIL,SAS,TOR,Confirmed,10900,37.5,49.8,37.5,49.8,4.568807339,26.88,21.77831029,0,100,117.4608,230.3953,51.0927,45.35,52.45,60,64.05,71.1,79.6,52.4723,46.2,53.9,62.1,66.329,74.285,83.001,52.4723,46.2,53.9,62.1,66.329,74.285,83.001,53.5172,47.3,54.88,62.94,67.22,75.02,83.4024,11.0096,11.8994,11.8994,11.6958,23.6835,30.8353,6.6996,2.032,12.5168,2.5886,9.92818,2.78317,1.3688,3.51587,3.27647
42098959,Cade Cunningham,PG/G/UTIL,DET,OKC,Confirmed,10700,64.5,48.7,65.75,48.7,4.551401869,22.86,19.62554817,0,100,115.2738,220.7113,49.0355,41.5125,47.8,54.5,58.265,64.3,71.751,47.4906,39.7,46.18,53.08,56.94,63.04,70.4608,47.4906,39.7,46.18,53.08,56.94,63.04,70.4608,48.7857,41.24,47.51,54.26,58.04,63.94,71.22,9.84539,10.0194,10.0194,9.78288,23.5623,33.5387,6.8644,2.3304,5.57815,1.0107,4.56745,9.86222,0.99665,0.6914,3.64755
42098972,James Harden,PG/G/UTIL,CLE,MIL,O,9200,0,46.2,,46.2,5.02173913,0,0,0,100,112.0637,222.0042,,,,,,,,,,,,,,,,,,,,,,,,,,,,,,,,,,,,,,,,,,,
42098968,Alperen Sengun,PF/C/F/UTIL,HOU,SAC,Confirmed,9300,72.75,45.3,72.75,45.3,4.870967742,30.9,24.35536298,0,100,117.8218,221.9058,44.693,36.8,42.9,49,52.5,58.3,65.051,44.6745,36.38,42.8,49.24,52.8,59.083,66.2612,44.6745,36.38,42.8,49.24,52.8,59.083,66.2612,45.3591,37.205,43.55,49.78,53.32,59.383,66.3416,9.1729,9.59978,9.59978,9.41532,19.1383,31.1882,7.35378,0.475633,9.17297,1.831,7.34197,6.51272,1.02398,0.79485,2.38375
42098981,Kevin Durant,SF/F/UTIL,HOU,SAC,Confirmed,8800,33.5,42.2,33.5,42.2,4.795454545,26.73,21.9903656,0,100,117.8218,221.9058,43.4836,36.8,43.15,49.65,53,59.25,66.35,41.9785,35.16,41.6,48.2,51.72,57.82,65.1606,41.9785,35.16,41.6,48.2,51.72,57.82,65.1606,43.1628,36.5,42.86,49.2,52.58,58.74,65.7406,9.5611,9.67781,9.67781,9.46034,26.1466,34.0377,7.35677,2.29762,4.7374,0.922117,3.81528,5.73545,0.83145,0.658717,3.1383
42098975,Scottie Barnes,PF/F/UTIL,TOR,SAS,Confirmed,9100,29,40.9,29,40.9,4.494505495,9.18,9.584915251,0,100,112.9345,230.3953,39.2186,31.5,37.75,44.25,47.6,53.55,60.8,39.8143,31.44,38.3,45.08,48.92,55.002,62.8804,39.8143,31.44,38.3,45.08,48.92,55.002,62.8804,40.1857,32.18,38.7,45.35,49.08,54.942,62.6,9.36378,9.99195,9.99195,9.67944,15.5771,33.0185,5.45623,0.834133,8.66773,2.20063,6.4671,4.844,1.60133,0.959533,2.44117
42099037,Brandin Podziemski,PG/SG/G/UTIL,GSW,MEM,Confirmed,6500,38,40,38,40,6.153846154,41.97,32.56989959,0,100,115.846,226.4223,39.3168,32.35,38.25,44.6,47.9,54,61.051,37.9949,31.04,37.04,43.3,46.6,52.582,59.581,37.9949,31.04,37.04,43.3,46.6,52.582,59.581,38.5189,31.78,37.6,43.7,46.9,52.88,59.4616,9.13469,9.10081,9.10081,8.8885,17.645,33.3696,4.7683,2.30507,7.0443,1.56137,5.48293,6.38367,0.949033,0.253333,2.03977
42099000,Kevin Porter Jr.,PG/SG/G/UTIL,MIL,CLE,Confirmed,8100,48,39.4,48,39.4,4.864197531,26.29,22.87117697,0,100,109.9405,222.0042,40.7713,32.2,38.55,45.15,48.95,55.305,62.4525,40.7049,31.78,38.48,45.3,49.1,55.88,63.5006,40.7049,31.78,38.48,45.3,49.1,55.88,63.5006,41.0212,32.48,38.88,45.46,49.109,55.565,62.64,9.67772,10.1068,10.1068,9.69192,16.663,34.1874,4.14147,2.062,5.5167,1.11547,4.40123,7.1365,2.07287,0.4712,2.9261
42099018,Jarrett Allen,C/UTIL,CLE,MIL,Confirmed,7200,49.25,39.1,49.25,39.1,5.430555556,31.04,24.94972767,0,100,112.0637,222.0042,38.6188,33.1,38.75,44.75,48.15,54.1,60.4515,39.1987,33.24,39.38,45.82,49.4,55.763,62.8212,39.1987,33.24,39.38,45.82,49.4,55.763,62.8212,39.3396,33.5,39.44,45.82,49.24,55.56,62.3006,8.8482,9.41895,9.41895,9.18492,18.6989,29.854,7.62903,0.0989002,10.7448,2.38347,8.36137,2.4726,1.13953,0.7707,1.37687
42099007,Ryan Rollins,PG/G/UTIL,MIL,CLE,Confirmed,7800,34.25,36.7,34.25,36.7,4.705128205,17.47,16.52718019,0,100,109.9405,222.0042,38.299,31.2,37.7,44.3,48.05,54.25,61.1515,37.9388,30.52,37.22,44.06,47.86,54.463,61.6406,37.9388,30.52,37.22,44.06,47.86,54.463,61.6406,38.3515,31.28,37.72,44.29,47.92,54.245,60.9804,9.71769,10.0475,10.0475,9.68611,19.0972,33.1564,4.40583,2.43067,5.07473,1.02113,4.0536,5.19777,1.8571,0.549633,2.76087
42098984,Brandon Ingram,SG/G/UTIL,TOR,SAS,Confirmed,8600,39.25,36.6,39.25,36.6,4.255813953,5.61,6.305430405,0,100,112.9345,230.3953,36.2749,29.3,35.55,42.2,45.8,51.55,59,35.1841,27.92,34.6,41.3,44.78,50.98,58.5618,35.1841,27.92,34.6,41.3,44.78,50.98,58.5618,36.2283,29.22,35.58,42.16,45.62,51.52,58.941,9.54099,9.76619,9.76619,9.53996,22.536,33.3481,6.6161,1.71937,4.63227,1.16797,3.4643,3.4114,0.900967,0.5946,2.96603
42099010,Jalen Duren,C/UTIL,DET,OKC,Confirmed,7700,54.25,36.5,54.25,36.5,4.74025974,13.86,13.37736,0,100,115.2738,220.7113,36.1377,30,35.45,41.2,44.6,50.15,56.65,35.8552,29.4,35.08,41.12,44.7,50.52,57.121,35.8552,29.4,35.08,41.12,44.7,50.52,57.121,36.5837,30.24,35.92,41.715,45.129,50.963,57.5006,8.40931,8.79167,8.79167,8.64846,17.5606,28.0659,7.2106,0.19365,10.7917,1.8701,8.9216,1.93315,0.6294,0.75295,2.12495
42099063,Gui Santos,PF/F/UTIL,GSW,MEM,Confirmed,6100,30.75,36,30.75,36,5.901639344,37.77,30.68521229,0,100,115.846,226.4223,35.367,28.5,34.4,40.35,43.7,49.55,56.701,34.7954,27.94,33.94,39.98,43.44,49.383,56.5214,34.7954,27.94,33.94,39.98,43.44,49.383,56.5214,35.1727,28.42,34.24,40.18,43.6,49.263,56.32,8.83479,9.01973,9.01973,8.75596,16.3054,32.5553,3.804,2.0728,6.53173,1.39,5.14173,4.35687,1.22113,0.581267,1.9787
42099023,De'Aaron Fox,PG/G/UTIL,SAS,TOR,Confirmed,7000,25.5,34.8,25.5,34.8,4.971428571,15.96,15.27884329,0,100,117.4608,230.3953,34.2767,28.7,34.2,40.05,43.4,49.05,56.2025,33.6908,27.98,33.7,39.82,43.12,48.94,56.0804,33.6908,27.98,33.7,39.82,43.12,48.94,56.0804,34.2298,28.68,34.24,40.12,43.249,48.96,55.9406,8.6639,8.89376,8.89376,8.6107,17.3082,30.7887,4.64427,1.665,3.1801,0.6902,2.4899,6.93783,1.23097,0.3203,2.19417
42099015,Stephon Castle,SG/G/UTIL,SAS,TOR,Confirmed,7300,25.75,33.9,25.75,33.9,4.643835616,4.61,5.352188375,0,100,117.4608,230.3953,31.5683,25.5,30.75,36.55,39.8,44.95,51.5025,31.7197,25.29,30.82,37,40.34,46.022,52.9604,31.7197,25.29,30.82,37,40.34,46.022,52.9604,32.0972,25.86,31.28,37.14,40.38,45.943,52.4806,8.17655,8.62264,8.62264,8.32707,13.385,29.1881,3.6967,1.14863,4.21847,0.8812,3.33727,5.9902,1.4387,0.577067,2.20047
42099220,Dennis Schroder,PG/G/UTIL,CLE,MIL,Confirmed,4600,38,33.7,38,33.7,7.326086957,47.62,38.51012731,0,100,112.0637,222.0042,32.5913,26.3625,31.85,37.85,41.165,46.8,53.5515,31.6904,25.385,30.98,37.06,40.246,45.94,53.0004,31.6904,25.385,30.98,37.06,40.246,45.94,53.0004,32.2338,26.04,31.52,37.36,40.64,46,52.7806,8.49325,8.59237,8.59237,8.33833,15.7468,27.9338,3.7153,1.8799,3.2233,0.711233,2.51207,6.7201,1.04627,0.200133,2.0906
42099147,Reed Sheppard,PG/SG/G/UTIL,HOU,SAC,Confirmed,5000,42.5,33.3,41.25,33.3,6.66,40.22,34.89070838,0,100,117.8218,221.9058,31.5373,23.5,29.1,35.3,38.65,44.15,51.4545,31.175,22.82,28.76,35.12,38.24,44.24,51.0418,31.175,22.82,28.76,35.12,38.24,44.24,51.0418,31.4337,23.44,29.08,35.18,38.24,44,50.441,8.73855,8.92474,8.92474,8.61467,16.9917,30.3033,4.01292,2.6578,0.9307,0.180433,0.750267,4.77625,1.47692,0.508517,2.1755
42099132,Jaylon Tyson,SF/F/UTIL,CLE,MIL,Confirmed,5200,37,32.8,37,32.8,6.307692308,42.92,34.38051948,0,100,112.0637,222.0042,33.0713,27.6,33.2,39.15,42.65,48.45,55.1515,32.136,26.5,32.36,38.38,42,48.04,54.9,32.136,26.5,32.36,38.38,42,48.04,54.9,32.8352,27.44,32.96,38.82,42.246,48.12,54.66,8.67207,8.92394,8.92394,8.60551,17.4587,30.4794,3.941,1.87947,6.3419,1.4279,4.914,3.39127,1.41333,0.332567,2.6758
42099012,Immanuel Quickley,PG/G/UTIL,TOR,SAS,Confirmed,7600,26.5,32.6,26.5,32.6,4.289473684,2.58,3.152956101,0,100,112.9345,230.3953,32.2316,25.3,31.35,37.75,41.25,47.05,53.9,30.8151,23.94,29.92,36.26,39.569,45.283,52.001,30.8151,23.94,29.92,36.26,39.569,45.283,52.001,31.2953,24.64,30.5,36.56,39.96,45.38,51.9604,9.10353,8.96463,8.96463,8.73147,16.9129,32.0299,2.83743,2.79863,3.9578,1.00954,2.94827,4.68797,0.986768,0.1888,1.99653
42099054,Tari Eason,SG/G/UTIL,HOU,SAC,Confirmed,6300,16.5,32.4,16.5,32.4,5.142857143,21.64,19.40467671,0,100,117.8218,221.9058,33.5225,27.9,33.45,39.2625,42.7,48.405,54.6525,33.4701,27.825,33.48,39.5,42.886,49.12,55.72,33.4701,27.825,33.48,39.5,42.886,49.12,55.72,33.619,28.02,33.64,39.42,42.74,48.8,55.04,8.45823,8.76343,8.76343,8.49037,17.5628,30.586,4.85228,1.8346,7.61925,1.56087,6.05838,1.67677,1.43602,0.64365,1.61553
42099177,Jaylin Williams,PF/C/F/UTIL,OKC,DET,Confirmed,4800,55.75,31.9,55.75,31.9,6.645833333,30.99,27.47364589,0,100,105.4375,220.7113,29.2129,23.2,29,34.75,38.05,43.75,50.852,29.2537,23.16,29.06,35.09,38.36,44.486,51.8204,29.2537,23.16,29.06,35.09,38.36,44.486,51.8204,29.4109,23.505,29.32,35.08,38.32,44.34,51.4412,8.4689,8.82763,8.82763,8.58777,9.3078,27.2304,1.53885,1.6218,6.94675,1.91245,5.0343,4.8615,1.0311,0.88995,1.33815
42099076,Moses Moody,SF/F/UTIL,GSW,MEM,Confirmed,5900,24,31.6,24,31.6,5.355932203,27.02,24.26347997,0,100,115.846,226.4223,31.9563,24.6,30.7,36.75,40.1,45.905,52.8515,31.2658,23.94,29.82,35.98,39.38,45.3,51.581,31.2658,23.94,29.82,35.98,39.38,45.3,51.581,31.4073,24.27,30.02,36.04,39.28,45.085,51.541,8.90294,8.89105,8.89105,8.65754,19.3177,33.3022,3.68427,3.17167,3.61243,0.7802,2.83223,1.8277,1.065,0.664133,1.48327
42099029,RJ Barrett,SF/F/UTIL,TOR,SAS,Confirmed,6800,24.75,31.4,24.75,31.4,4.617647059,8.58,8.925406513,0,100,112.9345,230.3953,31.5437,24.65,30.35,36.55,39.8,45.65,52.501,30.4785,23.6,29.36,35.52,39,44.723,51.7006,30.4785,23.6,29.36,35.52,39,44.723,51.7006,31.202,24.44,30.06,36.1,39.5,45.08,51.86,8.7545,8.8607,8.8607,8.63235,17.6215,29.7545,4.4509,1.78023,4.82307,1.21437,3.6087,3.29137,0.896033,0.345633,2.36093
42099032,Jabari Smith Jr.,PF/F/UTIL,HOU,SAC,Confirmed,6700,21,31.1,21,31.1,4.641791045,8.29,8.727619601,0,100,117.8218,221.9058,30.903,24.25,29.5,35.1,38.1,43.6,50.0015,30.2481,23.64,28.88,34.46,37.64,42.9,49.5006,30.2481,23.64,28.88,34.46,37.64,42.9,49.5006,30.5876,23.98,29.22,34.64,37.82,43.162,49.281,8.07519,8.07751,8.07751,7.94454,14.4439,33.7934,3.11607,2.09487,8.0662,1.65178,6.41442,1.3927,0.5588,0.852767,1.24057
42099124,Al Horford,PF/C/F/UTIL,GSW,MEM,Confirmed,5300,26.25,29.7,26.25,29.7,5.603773585,33.12,28.27032105,0,100,115.846,226.4223,31.0499,24.95,30.45,36.2,39.45,45.4,52.251,30.9376,24.76,30.28,36.02,39.489,45.24,52.1808,30.9376,24.76,30.28,36.02,39.489,45.24,52.1808,31.0856,25.02,30.38,36.075,39.406,45.28,52.061,8.33273,8.44428,8.44428,8.31601,11.3055,28.647,2.03677,2.1858,6.9855,1.49777,5.48773,4.47867,0.548367,1.1629,0.849
42099138,Aaron Wiggins,SF/PF/F/UTIL,OKC,DET,Confirmed,5200,37.5,28.9,38.25,28.9,5.557692308,18.33,17.4789679,0,100,105.4375,220.7113,27.7269,21.25,26.9,32.5,35.9,41.65,48.3025,27.5001,20.94,26.64,32.64,35.94,41.783,48.3638,27.5001,20.94,26.64,32.64,35.94,41.783,48.3638,27.7599,21.34,26.92,32.66,35.9,41.6,48.2212,8.31862,8.54306,8.54306,8.30109,15.5991,28.8343,4.0234,1.71135,3.934,1.0797,2.8543,2.2094,1.05555,0.5869,1.5284
42099041,Cason Wallace,SG/SF/F/G/UTIL,OKC,DET,Confirmed,6500,36,28.8,36,28.8,4.430769231,6.43,6.865342695,0,100,105.4375,220.7113,29.348,22.55,27.9,34,37.5,43.5,50.251,29.9242,22.88,28.6,34.92,38.446,44.7,51.841,29.9242,22.88,28.6,34.92,38.446,44.7,51.841,29.5879,22.84,28.26,34.18,37.68,43.705,50.3806,8.63198,9.03446,9.03446,8.63837,12.3895,30.7871,2.81625,1.89365,3.6585,0.99185,2.66665,4.3211,1.91635,0.4271,1.24225
42099057,Keegan Murray,SF/PF/F/UTIL,SAC,HOU,Confirmed,6200,6.25,28.7,6.25,28.7,4.629032258,2.71,3.008711095,0,100,104.084,221.9058,27.251,19.4,24.9,30.85,34.15,40.35,47.2015,27.2183,19.26,24.78,30.82,34.28,40.26,47.4206,27.2183,19.26,24.78,30.82,34.28,40.26,47.4206,27.1818,19.42,24.8,30.68,34.08,40.003,46.9006,8.48079,8.5596,8.5596,8.36826,13.8487,31.7981,2.64043,2.32585,4.44377,1.23498,3.20878,1.17145,0.893267,0.864733,0.8739
42099066,Ty Jerome,PG/G/UTIL,MEM,GSW,Confirmed,6100,36.25,28.5,38.25,28.5,4.672131148,16.32,15.7195782,0,100,110.5763,226.4223,30.733,25.2,30.7,36.6,40,46.2575,54.5,30.1927,24.62,30.24,36.14,39.586,45.84,53.7804,30.1927,24.62,30.24,36.14,39.586,45.84,53.7804,30.3417,25.02,30.32,36.055,39.42,45.52,53.1406,8.63373,8.71803,8.71803,8.42543,16.8311,26.1376,3.9212,2.30417,3.4944,0.871833,2.62257,4.2957,1.40427,0.231433,1.6451
42099052,Maxime Raynaud,C/UTIL,SAC,HOU,Confirmed,6300,23.5,28.3,23.5,28.3,4.492063492,0.68,0.917254465,0,100,104.084,221.9058,26.0326,19.375,24.4,29.6375,32.5,37.5,43.9,26.1999,19.32,24.38,29.92,33.08,38.32,44.7806,26.1999,19.32,24.38,29.92,33.08,38.32,44.7806,26.2089,19.42,24.44,29.78,32.82,37.88,44.36,7.48528,7.80773,7.80773,7.57124,8.84225,28.1599,2.73662,0.66525,8.00875,2.18138,5.82737,2.17035,1.00955,0.385633,1.067
42099115,Pat Spencer,PG/G/UTIL,GSW,MEM,,5400,32,28,32,28,5.185185185,2.01,2.493186014,0,100,115.846,226.4223,25.0092,19.45,24.05,29.1,32.1,37.35,43.65,24.8465,19.12,23.96,29.16,32.1,37.5,44.301,24.8465,19.12,23.96,29.16,32.1,37.5,44.301,25.075,19.52,24.2,29.19,32.06,37.26,43.4806,7.27999,7.56407,7.56407,7.27073,10.2697,25.8761,2.8591,1.18747,2.87603,0.695,2.18103,5.46383,1.12397,0.2252,1.579
42099087,Tobias Harris,PF/F/UTIL,DET,OKC,Confirmed,5700,17.5,27.5,17.5,27.5,4.824561404,4.1,4.683943378,0,100,115.2738,220.7113,26.4322,21.35,26.35,31.6,34.7,40,46.35,26.0692,21.08,26.04,31.32,34.46,39.82,45.7816,26.0692,21.08,26.04,31.32,34.46,39.82,45.7816,26.2257,21.32,26.14,31.32,34.32,39.52,45.541,7.65125,7.73942,7.73942,7.55117,13.8166,28.655,3.8025,1.47015,5.1108,0.9016,4.2092,2.6315,0.8339,0.3589,1.1165
42099103,Isaiah Joe,SG/G/UTIL,OKC,DET,Confirmed,5500,9,27.2,9,27.2,4.945454545,5.21,5.479330568,0,100,105.4375,220.7113,26.1857,19.1,24.5,30.7,34.1725,40.2,47.3,24.9907,18.06,23.46,29.38,32.74,38.46,46.0004,24.9907,18.06,23.46,29.38,32.74,38.46,46.0004,25.0557,18.36,23.48,29.3,32.64,38.1,45.5006,8.65957,8.37066,8.37066,8.15953,14.515,29.6225,1.47005,3.3167,2.56415,0.70465,1.8595,2.62195,0.89435,0.2762,1.04955
42099072,Gregory Jackson,SF/PF/F/UTIL,MEM,GSW,Confirmed,6000,42,27.09,42,27.09,4.515,4.47,4.899035494,0,100,110.5763,226.4223,27.0931,21.15,26.8,32.6,35.865,41.45,48.051,26.4657,20.62,26.1,32.08,35.34,40.9,47.68,26.4657,20.62,26.1,32.08,35.34,40.9,47.68,26.7886,20.98,26.4,32.3,35.44,40.88,47.42,8.38574,8.43099,8.43099,8.23564,13.6303,26.16,2.91413,1.91437,6.76433,1.74063,5.0237,1.33813,0.8534,0.556567,1.4851
42099026,Russell Westbrook,PG/G/UTIL,SAC,HOU,Confirmed,6900,32.25,26.9,32.25,26.9,3.898550725,0.94,1.267186223,0,100,104.084,221.9058,28.4394,22.2,27.9,33.55,36.75,42.55,49.2,27.6407,21.37,27.26,33.14,36.46,42.56,49.1012,27.6407,21.37,27.26,33.14,36.46,42.56,49.1012,28.4653,22.32,27.9,33.595,36.9,42.52,49.0806,8.35213,8.70774,8.70774,8.33381,14.4509,24.8489,3.814,1.3665,3.69697,1.0062,2.69077,4.4217,1.3913,0.227033,2.83145
42099198,Sam Merrill,SG/SF/F/G/UTIL,CLE,MIL,Confirmed,4700,22.75,25.9,22.75,25.9,5.510638298,12.87,12.78083715,0,100,112.0637,222.0042,24.4067,18.55,24.1,29.7,33.05,38.95,44.8015,23.2157,17.64,22.96,28.46,31.58,37.2,43.14,23.2157,17.64,22.96,28.46,31.58,37.2,43.14,23.1507,17.74,22.92,28.215,31.22,36.7,42.3004,8.23047,7.90789,7.90789,7.67722,13.0492,28.4864,0.467167,3.72293,2.52047,0.5847,1.93577,2.8832,1.03363,0.2303,0.883867
42099251,Kenrich Williams,PF/C/F/UTIL,OKC,DET,,4300,18.5,25.6,18.5,25.6,5.953488372,9.92,10.08444218,0,100,105.4375,220.7113,23.0008,18.2,22.7,27.75,30.35,35.25,41.35,22.6661,17.78,22.46,27.42,30.1,35.34,40.8604,22.6661,17.78,22.46,27.42,30.1,35.34,40.8604,22.7682,18.04,22.56,27.34,29.94,34.82,40.4404,7.09031,7.22213,7.22213,6.97746,9.77912,23.0031,2.519,1.3207,5.6086,1.57755,4.03105,2.4871,1.0067,0.2235,1.15615
42099135,Ausar Thompson,SF/F/UTIL,DET,OKC,Confirmed,5200,35,25.5,35,25.5,4.903846154,3.06,3.538767792,0,100,115.2738,220.7113,23.9174,17.45,21.7,26.45,29.1,33.9,39.35,24.8595,17.78,22.42,27.58,30.366,35.66,41.701,24.8595,17.78,22.42,27.58,30.366,35.66,41.701,24.8298,18.02,22.52,27.38,30.2,35.14,41.0212,6.71389,7.31123,7.31123,7.03165,8.6764,24.4623,3.18515,0.45165,5.6813,0.9668,4.7145,1.96235,1.25875,0.6623,1.3469
42099020,DeMar DeRozan,SG/G/UTIL,SAC,HOU,Confirmed,7100,28.25,25.3,28.25,25.3,3.563380282,0.16,0.228538843,0,100,104.084,221.9058,25.1383,17.9,22.8,28.15,31.015,36.3,42.85,25.1052,17.56,22.7,28.32,31.28,36.482,43.52,25.1052,17.56,22.7,28.32,31.28,36.482,43.52,25.4572,18.1,23.09,28.515,31.44,36.623,43.2206,7.54213,7.84348,7.84348,7.64875,15.5813,25.9953,4.85055,0.525917,1.2874,0.350833,0.936568,3.00525,0.7092,0.273367,1.41143
42099118,Scotty Pippen Jr.,PG/G/UTIL,MEM,GSW,,5400,19.25,25.1,19.25,25.1,4.648148148,2.52,3.093567009,0,100,110.5763,226.4223,25.1947,20.45,25.1,30.2,33.3,38.3075,44.65,25.725,20.58,25.54,31.12,34.409,39.963,46.861,25.725,20.58,25.54,31.12,34.409,39.963,46.861,25.9427,21.02,25.74,31.035,34.3,39.48,45.801,7.42138,8.0261,8.0261,7.64773,10.565,22.5179,2.7944,1.0952,3.5203,0.9257,2.5946,4.29543,1.66897,0.620067,2.05227
42099035,Myles Turner,C/UTIL,MIL,CLE,Confirmed,6600,24.25,25,24.25,25,3.787878788,0.35,0.517201623,0,100,109.9405,222.0042,25.6969,19.9,24.8,30.2,33.1,38.1,44.851,25.9411,19.9,24.96,30.58,33.62,39.04,46.0606,25.9411,19.9,24.96,30.58,33.62,39.04,46.0606,26.2769,20.4,25.36,30.78,33.78,39.12,45.921,7.62129,7.98531,7.98531,7.80988,12.2964,25.1072,2.87893,1.48733,5.82723,1.10893,4.7183,1.16187,0.678267,1.23757,1.3916
42099112,Devin Vassell,SF/F/UTIL,SAS,TOR,Confirmed,5400,35.75,25,35.75,25,4.62962963,3.56,3.988567666,0,100,117.4608,230.3953,25.2594,20.05,25.15,31.05,34.05,39.85,45.7015,25.4584,20,25.54,31.48,34.76,40.46,46.82,25.4584,20,25.54,31.48,34.76,40.46,46.82,25.4201,20.2,25.48,31.14,34.24,39.88,45.8006,8.08477,8.38044,8.38044,8.06755,13.5721,30.267,2.79313,2.07007,2.8422,0.605733,2.23647,2.59473,1.5618,0.594067,1.3979
42099238,Will Richard,SG/SF/F/G/UTIL,GSW,MEM,Confirmed,4400,42.75,24.1,42.75,24.1,5.477272727,17.29,16.63293104,0,100,115.846,226.4223,24.1649,18.95,24.1,29.2,32.2,37.45,43.7015,23.8613,18.48,23.6,29.14,32.24,37.542,44.0204,23.8613,18.48,23.6,29.14,32.24,37.542,44.0204,24.1649,19.08,23.94,29.24,32.24,37.26,43.5014,7.59112,7.887,7.887,7.55165,12.587,28.2626,2.9775,1.68063,3.7688,0.8109,2.9579,2.5688,1.30043,0.3669,1.93413
42099231,Javon Small,PG/G/UTIL,MEM,GSW,Confirmed,4500,31,23.9,31,23.9,5.311111111,21.01,19.91074261,0,100,110.5763,226.4223,26.7472,20.55,25.75,31.45,34.45,39.95,46.6,24.8951,18.84,24.2,29.58,32.62,37.96,44.3204,24.8951,18.84,24.2,29.58,32.62,37.96,44.3204,26.2109,20.22,25.4,30.8,33.76,38.98,45.2204,7.99376,7.89789,7.89789,7.78441,13.956,25.8757,3.47687,1.69963,3.1621,0.807733,2.35437,5.07993,0.1784,0.413233,2.72277
42099099,Collin Murray-Boyles,PF/C/F/UTIL,TOR,SAS,Confirmed,5600,14.25,23.5,14.25,23.5,4.196428571,1.23,1.340382983,0,100,112.9345,230.3953,19.5958,13.05,17.05,21.55,24.3,29,34.25,19.9499,13.04,17.32,21.94,24.68,29.703,35.201,19.9499,13.04,17.32,21.94,24.68,29.703,35.201,19.9457,13.26,17.36,21.94,24.586,29.4,34.941,6.39412,6.71945,6.71945,6.52768,6.95463,22.6279,2.1042,0.6019,5.5747,1.4024,4.1723,0.8746,0.769133,0.472833,0.8958
42099277,Quinten Post,C/UTIL,GSW,MEM,,4000,28,23.5,28,23.5,5.875,14.13,13.90543769,0,100,115.846,226.4223,23.8391,18.45,23.35,28.85,32,37.9,44.151,22.9009,17.56,22.42,27.86,31.22,36.902,43.2606,22.9009,17.56,22.42,27.86,31.22,36.902,43.2606,23.4592,18.18,23,28.34,31.58,37.1,43.46,7.80916,7.7882,7.7882,7.63969,11.3709,22.8798,2.39973,1.89547,5.6146,1.32137,4.29323,2.14897,0.475033,0.618833,1.59893
42099169,Olivier-Maxence Prosper,PF/C/F/UTIL,MEM,GSW,Confirmed,4900,11,23.4,11,23.4,4.775510204,1.86,2.263377953,0,100,110.5763,226.4223,22.4123,18,22.6,27.35,30.1,35,40.601,22.8851,18.14,23.04,28.2,31.04,36.123,42.0016,22.8851,18.14,23.04,28.2,31.04,36.123,42.0016,22.7021,18.24,22.84,27.81,30.54,35.42,41.34,7.01197,7.41771,7.41771,7.14646,8.5044,25.4313,2.2229,0.7909,6.73887,1.7542,4.98467,1.78807,1.20863,0.425,0.802233
42099258,Gary Payton II,SG/SF/F/G/UTIL,GSW,MEM,,4200,37.25,23.3,37.25,23.3,5.547619048,12.64,12.5580029,0,100,115.846,226.4223,22.5422,16.8,21.55,26.55,29.55,35.15,41.401,22.9962,16.92,21.9,27.3,30.4,36.24,42.88,22.9962,16.92,21.9,27.3,30.4,36.24,42.88,22.9004,17.12,21.84,27.04,30,35.623,42,7.34443,7.7723,7.7723,7.46833,10.9556,22.4883,3.3988,1.13137,4.0294,0.944467,3.08493,1.64833,1.28173,0.491533,1.17887
42099046,Bobby Portis,PF/C/F/UTIL,MIL,CLE,,6400,18.75,23,18.75,23,3.59375,0.16,0.249035655,0,100,109.9405,222.0042,22.9621,18.4,22.9,28.05,30.95,36.1,42.6515,22.4868,17.76,22.46,27.62,30.52,35.862,42.5606,22.4868,17.76,22.46,27.62,30.52,35.862,42.5606,22.7483,18.16,22.76,27.76,30.62,35.78,42.2214,7.30551,7.38923,7.38923,7.21931,11.2972,22.687,3.06363,1.35723,6.22077,1.48227,4.7385,1.40527,0.635633,0.439167,1.16283
42099069,Kyle Kuzma,PF/F/UTIL,MIL,CLE,Confirmed,6000,34,22.4,36,22.4,3.733333333,0.83,1.10454878,0,100,109.9405,222.0042,25.5831,19.55,24.6,29.8,32.65,37.95,44.2,24.6125,18.56,23.64,28.92,31.92,37.02,42.961,24.6125,18.56,23.64,28.92,31.92,37.02,42.961,25.2768,19.32,24.22,29.4,32.36,37.42,43.1204,7.57797,7.64544,7.64544,7.44701,12.9294,26.1483,3.36187,1.52857,5.8955,1.1377,4.7578,1.81713,0.602967,0.4236,1.89937
42099189,Luguentz Dort,SG/G/UTIL,OKC,DET,Confirmed,4700,17.25,22.2,15.25,22.2,4.723404255,5.17,5.53593231,0,100,105.4375,220.7113,23.7057,18.75,24,29.3,32.45,38.15,44,23.9832,18.9,24.3,29.9,33.06,39.042,45.06,23.9832,18.9,24.3,29.9,33.06,39.042,45.06,23.8684,18.96,24.12,29.52,32.62,38.32,43.982,7.83341,8.16701,8.16701,7.86142,10.9187,30.8501,1.69115,1.79385,4.3039,1.18995,3.11395,2.42165,1.4251,0.58725,1.08355
42099173,Precious Achiuwa,PF/C/F/UTIL,SAC,HOU,Confirmed,4800,19,22.1,19,22.1,4.604166667,4.62,5.048611879,0,100,104.084,221.9058,23.4547,17.85,22.45,27.55,30.3,35.15,40.651,24.1585,18.1,23.18,28.6,31.709,36.96,43.1618,24.1585,18.1,23.18,28.6,31.709,36.96,43.1618,24.0935,18.26,23.14,28.42,31.3,36.36,42.4006,7.14531,7.72194,7.72194,7.42167,9.18857,25.4349,3.12135,0.530083,6.5934,1.81787,4.77553,1.35168,1.26287,0.6073,1.14505
42099185,Dylan Harper,PG/SG/G/UTIL,SAS,TOR,,4700,35.75,22,35.75,22,4.680851064,1.05,1.247033513,0,100,117.4608,230.3953,21.4878,16.8,21.45,26.6,29.7,35.5,42.15,20.9388,16.16,20.88,26.2,29.34,35.36,42.1804,20.9388,16.16,20.88,26.2,29.34,35.36,42.1804,21.3768,16.82,21.28,26.44,29.5,35.183,41.9,7.48838,7.66434,7.66434,7.41589,10.5074,22.3404,2.79743,1.0928,3.48363,0.799567,2.68407,3.61203,0.889633,0.160933,1.73327
42099142,Jaylen Wells,SF/F/UTIL,MEM,GSW,Confirmed,5100,17,21.9,17,21.9,4.294117647,0.42,0.509337468,0,100,110.5763,226.4223,21.3602,16.35,21.15,26.55,29.45,34.85,40.7525,20.5293,15.6,20.4,25.58,28.589,33.602,39.68,20.5293,15.6,20.4,25.58,28.589,33.602,39.68,20.8093,15.96,20.65,25.78,28.68,33.64,39.581,7.51929,7.41609,7.41609,7.23798,13.5019,25.1014,3.0389,1.98627,2.73107,0.720867,2.0102,1.6797,0.608233,0.2781,1.15513
42099165,Julian Champagnie,SF/PF/F/UTIL,SAS,TOR,Confirmed,4900,28.5,21.6,28.5,21.6,4.408163265,1.53,1.704089251,0,100,117.4608,230.3953,21.9987,16.2,21.2,26.55,29.4,34.75,41.101,21.8317,16.02,20.98,26.26,29.28,34.64,41.181,21.8317,16.02,20.98,26.26,29.28,34.64,41.181,21.8202,16.16,20.94,26.18,29,34.18,40.3806,7.51727,7.60119,7.60119,7.37154,9.94762,26.9247,1.1344,2.15433,4.9655,1.05527,3.91023,0.963,1.1123,0.594133,1.05953
42099128,Cam Spencer,PG/SG/G/UTIL,MEM,GSW,,5200,8.75,21.5,8.75,21.5,4.134615385,0.52,0.668511389,0,100,110.5763,226.4223,20.6968,15.9,20.1,24.8875,27.7,32.35,38.45,20.3583,15.5,19.86,24.76,27.46,32.2,38.441,20.3583,15.5,19.86,24.76,27.46,32.2,38.441,20.5573,15.8,20.06,24.76,27.46,32.06,38.1,6.78259,6.90983,6.90983,6.69873,9.46667,22.0789,2.11913,1.25843,2.6317,0.6893,1.9424,3.8728,0.711367,0.2876,1.10523
42099196,Paul Reed,C/UTIL,DET,OKC,,4700,23,21.5,20.5,21.5,4.574468085,0.56,0.649894507,0,100,115.2738,220.7113,21.2733,15.75,20.4,25.65,28.8,34.05,40.65,22.3033,16.12,21.2,27,30.38,36.28,43.141,22.3033,16.12,21.2,27,30.38,36.28,43.141,22.2678,16.32,21.2,26.86,30.18,35.82,42.2804,7.30744,8.01697,8.01697,7.77095,7.85715,19.6044,2.9362,0.31,6.0542,1.3223,4.7319,1.37555,1.05775,0.8855,1.0631
42099181,Cam Thomas,PG/SG/G/UTIL,MIL,CLE,,4800,10.75,21.4,10.75,21.4,4.458333333,2.72,3.070137247,0,100,109.9405,222.0042,23.3608,18.25,23.15,28.65,31.75,37.0075,43.851,22.1972,17.28,22.08,27.36,30.426,35.7,42.1606,22.1972,17.28,22.08,27.36,30.426,35.7,42.1606,22.6927,17.82,22.62,27.76,30.76,35.84,42.1404,7.68106,7.55693,7.55693,7.38622,15.8408,22.4841,3.83783,1.7397,2.50373,0.6023,1.90143,2.31507,0.477633,0.0893333,1.4351
42099247,Jakob Poeltl,C/UTIL,TOR,SAS,,4400,34.75,21.4,34.75,21.4,4.863636364,2.39,2.878161042,0,100,112.9345,230.3953,21.5051,17.7,21.85,26.4,29.2,34.15,40.351,22.1732,17.9,22.5,27.5,30.58,35.84,42.8616,22.1732,17.9,22.5,27.5,30.58,35.84,42.8616,22.4006,18.24,22.7,27.6,30.58,35.763,42.58,6.71047,7.33841,7.33841,7.14155,8.34807,24.8956,3.5938,0.0613,7.24697,1.83697,5.41,1.3882,0.879467,0.864033,1.3385
42099243,Taylor Hendricks,PF/C/F/UTIL,MEM,GSW,,4400,32.5,21.1,32.5,21.1,4.795454545,1.56,1.789376658,0,100,110.5763,226.4223,20.2272,15.4375,19.8,24.55,27.35,32.4,38.45,20.5098,15.42,20.06,25.2,28,33.26,39.74,20.5098,15.42,20.06,25.2,28,33.26,39.74,20.5426,15.58,20.12,25.04,27.86,32.9,39.201,6.95331,7.28677,7.28677,7.07948,7.79373,22.1061,1.5199,1.27493,6.1777,1.7072,4.4705,0.759833,0.831767,0.861333,0.891133
42099344,Craig Porter Jr.,PG/G/UTIL,CLE,MIL,,3200,24.5,20.9,24.5,20.9,6.53125,13.2,13.15548153,0,100,112.0637,222.0042,20.6442,16.05,20.4,25.4,28,32.8575,38.95,20.6515,15.78,20.4,25.6,28.48,33.7,39.84,20.6515,15.78,20.4,25.6,28.48,33.7,39.84,21.061,16.38,20.76,25.9,28.68,33.562,39.6204,6.8457,7.26118,7.26118,7.02639,9.0994,20.8757,2.70397,0.722067,3.09557,0.644533,2.45103,3.78667,0.847833,0.513933,1.62227
42099203,Keldon Johnson,SG/SF/F/G/UTIL,SAS,TOR,,4600,7.75,20.7,7.75,20.7,4.5,1.83,2.076781514,0,100,117.4608,230.3953,20.9501,16.2,20.6,25.7,28.7,34.3575,41.1525,20.6158,15.76,20.42,25.44,28.4,34.002,40.8004,20.6158,15.76,20.42,25.44,28.4,34.002,40.8004,20.7501,16,20.52,25.5,28.44,33.92,40.4204,7.27715,7.31585,7.31585,7.15908,10.8986,22.2099,2.70173,1.14303,4.34767,1.00906,3.3386,2.03857,0.606567,0.282367,0.8659
42099094,Nique Clifford,SG/SF/F/G/UTIL,SAC,HOU,,5600,26.5,20.5,26.5,20.5,3.660714286,0.22,0.242773644,0,100,104.084,221.9058,19.4141,13.5,18.1,23,25.75,30.6,36.5015,19.8349,13.57,18.38,23.64,26.6,31.64,38.3206,19.8349,13.57,18.38,23.64,26.6,31.64,38.3206,19.9289,13.78,18.54,23.6,26.366,31.3,37.62,6.97842,7.44953,7.44953,7.16912,7.00278,24.5939,1.63005,0.80755,3.15268,0.891033,2.26165,3.048,1.12093,0.49515,1.33062
42099263,Jared McCain,PG/SG/G/UTIL,OKC,DET,,4200,28.75,20.2,30,20.2,4.80952381,2.8,3.171870303,0,100,105.4375,220.7113,20.6177,16.25,20.75,25.35,28.1,33.35,39.15,19.7865,15.4,19.78,24.72,27.36,32.46,38.9206,19.7865,15.4,19.78,24.72,27.36,32.46,38.9206,20.204,15.96,20.24,24.875,27.56,32.46,38.5812,6.9112,6.93687,6.93687,6.72724,12.4043,22.9017,2.9215,1.471,2.9052,0.82415,2.08105,2.3091,0.66975,0.1293,1.4586
42099216,Walter Clayton Jr.,PG/SG/G/UTIL,MEM,GSW,,4600,8.5,20,8.5,20,4.347826087,0.2,0.255847278,0,100,110.5763,226.4223,18.9865,14.5,18.75,23.3,26.05,30.555,36.3515,18.7144,14.04,18.46,23.14,25.94,30.84,36.66,18.7144,14.04,18.46,23.14,25.94,30.84,36.66,18.9354,14.5,18.66,23.24,25.866,30.48,36.1604,6.56537,6.83636,6.83636,6.52333,9.49023,22.3143,2.2543,1.17603,3.2508,0.843233,2.40757,2.22877,1.0706,0.163733,1.52087
42099192,Malik Monk,PG/SG/G/UTIL,SAC,HOU,,4700,18.25,19.7,20.25,19.7,4.191489362,0.35,0.41444659,0,100,104.084,221.9058,19.8851,15,19.65,24.75,27.5,32.45,38.95,19.2923,14.42,19.1,24.2,27.04,31.903,38.7616,19.2923,14.42,19.1,24.2,27.04,31.903,38.7616,19.6125,14.88,19.4,24.4,27.2,31.88,38.6812,7.17076,7.21094,7.21094,7.00661,11.1223,20.378,2.13648,1.65422,2.36493,0.65565,1.70928,2.56822,0.70945,0.321833,1.35477
42099211,AJ Green,SG/SF/F/G/UTIL,MIL,CLE,Confirmed,4600,21.25,19,21.25,19,4.130434783,0.27,0.249345381,0,100,109.9405,222.0042,17.3829,11.6,16.2,21.35,24.25,29.35,35.7015,16.376,10.88,15.18,20.04,22.929,27.74,33.9212,16.376,10.88,15.18,20.04,22.929,27.74,33.9212,16.4477,11.08,15.28,20.14,22.92,27.54,33.6206,7.17005,6.83577,6.83577,6.65565,9.53993,28.7966,0.463767,2.71733,1.44333,0.288067,1.15527,1.86377,0.641367,0.2047,0.846167
42099267,Dean Wade,SF/PF/F/UTIL,CLE,MIL,Confirmed,4100,11,19,11,19,4.634146341,5.05,5.361238385,0,100,112.0637,222.0042,20.766,15.95,20.35,25.2,28.05,32.65,38.951,20.7057,15.84,20.28,25.235,28.009,32.86,39.2,20.7057,15.84,20.28,25.235,28.009,32.86,39.2,20.4969,15.78,20.08,24.88,27.569,32.22,38.2404,6.89624,6.97294,6.97294,6.75434,7.16087,27.0922,0.7076,1.70953,5.67433,1.27967,4.39467,2.15137,0.9635,0.3996,0.521233
42099223,Duncan Robinson,SG/G/UTIL,DET,OKC,Confirmed,4500,27.25,18.6,27.25,18.6,4.133333333,0.21,0.222227476,0,100,115.2738,220.7113,18.8364,12.95,17.45,22.45,25.2,29.955,35.7,17.3879,11.78,16.14,20.82,23.32,27.9,33.4408,17.3879,11.78,16.14,20.82,23.32,27.9,33.4408,17.7588,12.2,16.4,21.2,23.66,27.942,33.322,6.97378,6.61787,6.61787,6.46901,11.3154,25.4015,0.87045,2.91185,0.8376,0.16145,0.67615,2.2365,0.4176,0.26855,1.20865
42099255,Ronald Holland II,PF/F/UTIL,DET,OKC,,4200,19.25,18.33,19.25,18.33,4.364285714,0.38,0.469046934,0,100,115.2738,220.7113,18.3278,14.0125,18.3,22.65,25.1,29.5,34.351,18.0616,13.64,17.88,22.48,25.04,29.6,34.841,18.0616,13.64,17.88,22.48,25.04,29.6,34.841,18.3413,14.1,18.18,22.62,25.1,29.5,34.6216,6.30999,6.5154,6.5154,6.30633,8.65455,18.2329,2.3972,0.81555,4.63775,0.92935,3.7084,1.5299,0.7191,0.28785,1.26605
42099310,Daniss Jenkins,PG/G/UTIL,DET,OKC,,3500,7.75,18.1,7.75,18.1,5.171428571,1.54,1.651841461,0,100,115.2738,220.7113,18.1308,13.2,17.55,22.25,24.8,29.75,35.352,17.7061,12.76,17,21.76,24.48,29.4,35.1004,17.7061,12.76,17,21.76,24.48,29.4,35.1004,17.9528,13.12,17.3,21.9,24.6,29.26,34.7418,6.65278,6.73302,6.73302,6.50972,8.7639,19.4944,2.05035,1.28165,2.0346,0.407,1.6276,3.2176,0.7183,0.2057,1.2711
42099294,Keon Ellis,SG/SF/F/G/UTIL,CLE,MIL,,3700,30.5,17.9,30.5,17.9,4.837837838,2.03,2.134256821,0,100,112.0637,222.0042,17.7389,13.2,17.4,22.3,25,30,35.8,18.4903,13.56,18.22,23.18,26.14,31.22,37.8204,18.4903,13.56,18.22,23.18,26.14,31.22,37.8204,18.155,13.52,17.9,22.68,25.48,30.3,36.6208,6.80775,7.2184,7.2184,6.85432,8.7903,23.0355,1.15673,1.8559,0.871968,0.183433,0.688533,2.23317,1.51217,0.6019,0.866133
42099338,Branden Carlson,C/UTIL,OKC,DET,Q,3300,11.5,17.3,11.5,17.3,5.242424242,0.97,1.044441376,0,100,105.4375,220.7113,17.1352,12.8,16.95,21.475,24.2,28.7,34.55,17.0212,12.665,16.92,21.6,24.28,28.92,34.76,17.0212,12.665,16.92,21.6,24.28,28.92,34.76,17.2852,12.92,17.18,21.74,24.4,28.96,34.6416,6.37345,6.55636,6.55636,6.45276,7.4558,17.7939,1.4288,1.0302,4.1368,1.16845,2.96835,1.75575,0.342,0.72145,0.84855
42099208,Jamal Shead,PG/G/UTIL,TOR,SAS,,4600,18.75,17.2,18.75,17.2,3.739130435,0.54,0.6599248,0,100,112.9345,230.3953,18.2922,14,18,22.65,25,29.8,35.051,18.1751,13.66,17.92,22.68,25.309,30.24,35.7612,18.1751,13.66,17.92,22.68,25.309,30.24,35.7612,18.4516,14.18,18.26,22.74,25.3,29.922,35.1406,6.40891,6.72729,6.72729,6.43724,7.00903,22.1615,1.5227,0.8458,2.1699,0.570533,1.59937,4.503,1.0335,0.174167,1.6256
42099324,Nae'Qwan Tomlin,PF/F/UTIL,CLE,MIL,,3400,3.5,17.2,3.5,17.2,5.058823529,4.96,5.19930976,0,100,112.0637,222.0042,18.6814,14.1,18.1,22.7,25.5,30.85,37.05,17.784,13.28,17.28,21.86,24.5,29.6,35.5408,17.784,13.28,17.28,21.86,24.5,29.6,35.5408,18.3052,13.82,17.76,22.3,24.915,30.103,36.0004,6.64926,6.54961,6.54961,6.49571,8.85657,17.8308,2.77253,0.7042,5.51853,1.16293,4.3556,1.73537,0.1148,0.188367,1.11633
42099249,Jericho Sims,C/UTIL,MIL,CLE,,4300,28.25,16.5,28.25,16.5,3.837209302,0.06,0.088055611,0,100,109.9405,222.0042,16.3372,12.5,16.15,19.75,22,25.9,30.75,16.6952,12.52,16.32,20.44,22.9,27.2,32.2,16.6952,12.52,16.32,20.44,22.9,27.2,32.2,16.9366,12.89,16.58,20.6,23,27.2,32.18,5.45787,5.94498,5.94498,5.83255,3.8709,22.2602,1.64053,0.0606333,7.1022,1.63737,5.46483,1.10853,0.419433,0.772333,0.907933
42099299,Caris LeVert,PG/SG/G/UTIL,DET,OKC,,3700,10,15.8,10,15.8,4.27027027,0.68,0.711323856,0,100,115.2738,220.7113,16.7202,12.35,16.45,21.3,23.965,29.1,35,16.7036,12.16,16.48,21.42,24.28,29.4,35.301,16.7036,12.16,16.48,21.42,24.28,29.4,35.301,16.8291,12.46,16.6,21.42,24.22,29.22,35.0404,6.70444,6.9124,6.9124,6.7218,7.45775,20.47,1.65795,0.99925,2.2367,0.4838,1.7529,3.15595,0.68195,0.384,0.9494
42099287,Ousmane Dieng,SF/F/UTIL,MIL,CLE,,3800,8,15.8,8,15.8,4.157894737,1.09,1.207761358,0,100,109.9405,222.0042,17.8159,13.3,17.45,22.05,24.55,29.45,35.4,17.9549,13.34,17.62,22.32,24.9,29.94,35.8408,17.9549,13.34,17.62,22.32,24.9,29.94,35.8408,17.8967,13.4,17.52,22.1,24.66,29.56,35.321,6.5184,6.75578,6.75578,6.51939,7.11577,20.8037,1.28647,1.25113,3.39753,0.8277,2.56983,2.4586,0.887333,0.435767,0.7655
42099145,Sandro Mamukelashvili,C/UTIL,TOR,SAS,,5100,5.75,15.6,5.75,15.6,3.058823529,0.22,0.215995435,0,100,112.9345,230.3953,14.7724,10.65,14.65,18.9,21.5,26.1,32.05,14.5505,10.38,14.34,18.76,21.32,26.04,32,14.5505,10.38,14.34,18.76,21.32,26.04,32,14.6979,10.62,14.47,18.82,21.38,25.842,31.841,6.19857,6.27851,6.27851,6.15461,6.95957,15.8127,1.52747,0.9701,3.83407,1.02717,2.8069,1.10027,0.4233,0.378933,0.752567
42099284,Rayan Rupert,SG/G/UTIL,MEM,GSW,,3900,15.75,15.4,17.75,15.4,3.948717949,0.33,0.382267696,0,100,110.5763,226.4223,16.1586,12.25,16.1,20.35,22.7,27.35,32.3,15.8965,11.92,15.9,20.18,22.72,27.2,32.6204,15.8965,11.92,15.9,20.18,22.72,27.2,32.6204,15.9865,12.12,16,20.08,22.526,26.9,31.98,6.02563,6.18248,6.18248,5.93542,7.1833,23.2793,1.5768,1.0442,4.37037,1.1884,3.18197,1.2274,0.8246,0.1718,0.960133
42099395,Thomas Bryant,C/UTIL,CLE,MIL,,3000,14,15.4,14,15.4,5.133333333,2.35,2.480312334,0,100,112.0637,222.0042,16.875,13.45,17.5,22.3,25.25,30.7,37.85,17.0905,13.68,17.98,22.78,25.78,31.52,38.7206,17.0905,13.68,17.98,22.78,25.78,31.52,38.7206,17.2072,13.84,18.06,22.78,25.84,31.48,38.6212,6.85689,7.15747,7.15747,7.04356,8.4279,22.3134,2.55517,0.578333,4.06107,0.8757,3.18537,1.73636,0.464533,0.664467,0.653867
42099333,Clint Capela,C/UTIL,HOU,SAC,,3300,8.5,15.3,8.5,15.3,4.636363636,0.13,0.125440098,0,100,117.8218,221.9058,14.4642,10.75,14.5,18.85,21.85,27.2,33.15,15.0126,10.78,14.94,19.88,22.98,28.563,35.001,15.0126,10.78,14.94,19.88,22.98,28.563,35.001,15.0279,10.92,14.94,19.83,22.86,28.48,34.9014,6.42269,6.93402,6.93402,6.81666,3.82485,16.3036,1.6303,0.0165167,6.40223,1.27278,5.12945,0.8988,0.5016,0.657517,0.545183
42099308,Luke Kornet,C/UTIL,SAS,TOR,,3600,13.5,15.2,13.5,15.2,4.222222222,0.35,0.358640361,0,100,117.4608,230.3953,14.7847,11,14.75,19,21.7,26.3,32.1,15.5874,11.44,15.56,20.32,23.2,28.24,34.5204,15.5874,11.44,15.56,20.32,23.2,28.24,34.5204,15.5664,11.44,15.5,20.26,23.066,28.02,34.3804,6.10069,6.70457,6.70457,6.61086,4.4562,15.98,1.7469,0.0705333,4.89617,1.13853,3.75763,1.4646,0.390833,0.953331,0.335867
42099158,Devin Carter,PG/SG/G/UTIL,SAC,HOU,,5000,0,14.2,,14.2,2.84,0.06,0.059634631,0,100,104.084,221.9058,15.1213,10.85,14.925,19.25,21.75,26,31.001,15.4604,11.08,15.22,19.9,22.409,26.943,32.5404,15.4604,11.08,15.22,19.9,22.409,26.943,32.5404,15.3291,11.12,15.18,19.6,21.966,26.242,31.581,6.04212,6.3925,6.3925,6.12184,6.22865,17.5423,1.43245,0.713967,3.72967,1.03203,2.69763,1.30917,1.05745,0.234767,0.8169
42099281,Harrison Barnes,PF/F/UTIL,SAS,TOR,,3900,21.25,14.1,21.25,14.1,3.615384615,0.46,0.405368609,0,100,117.4608,230.3953,12.9795,8.7,12.35,16.6,18.95,23.45,28.6,12.6344,8.36,12.16,16.32,18.7,23.022,28.1,12.6344,8.36,12.16,16.32,18.7,23.022,28.1,12.7476,8.66,12.16,16.32,18.66,22.9,27.98,5.86825,5.84588,5.84588,5.70194,8.16127,21.432,1.46503,1.1166,1.10493,0.253433,0.8515,1.3032,0.442733,0.179533,0.663533
42099319,Josh Okogie,SG/SF/F/G/UTIL,HOU,SAC,,3400,28.25,14,28.25,14,4.117647059,0.17,0.162041243,0,100,117.8218,221.9058,12.0021,8.5,11.6,15.25,17.4,21.15,25.751,12.7904,8.86,12.42,16.48,18.88,22.78,27.5606,12.7904,8.86,12.42,16.48,18.88,22.78,27.5606,12.5827,8.92,12.22,16.04,18.26,22.06,26.72,5.09321,5.66107,5.66107,5.345,4.2441,18.7042,0.797983,0.570383,2.0306,0.405933,1.62467,1.52535,1.1315,0.409033,0.7102
42099430,JD Davison,PG/G/UTIL,HOU,SAC,,3000,7.5,13.1,6,13.1,4.366666667,0.14,0.096278634,0,100,117.8218,221.9058,11.0301,7.7,11.5,15.95,18.85,24,30.503,10.8871,7.38,11.42,16.14,18.96,24.08,30.8806,10.8871,7.38,11.42,16.14,18.96,24.08,30.8806,11.1854,7.8,11.62,16.34,19.14,24.12,30.6204,6.39477,6.5887,6.5887,6.43055,5.16955,15.4493,0.985283,0.761333,1.98852,0.380483,1.60803,2.0555,0.590467,0.330583,1.21345
42099376,Javonte Green,SG/SF/F/G/UTIL,DET,OKC,,3000,16,12.9,16,12.9,4.3,0.29,0.218665781,0,100,115.2738,220.7113,10.9304,6.85,10.15,14.05,16.45,20.4575,25.2,11.5092,7.11,10.76,14.82,17.249,21.682,26.7414,11.5092,7.11,10.76,14.82,17.249,21.682,26.7414,11.315,7.12,10.54,14.54,16.84,21.02,26.0004,5.33502,5.71101,5.71101,5.49544,4.9797,17.1354,1.24845,0.52855,1.9044,0.40035,1.50405,0.7468,0.74815,0.3581,0.39225
42099234,Daeqwon Plowden,SF/PF/F/UTIL,SAC,HOU,,4500,16,12.7,14,12.7,2.822222222,0.27,0.296615132,0,100,104.084,221.9058,16.0383,12.6,16.75,21.4,24.0225,28.95,34.4515,15.4958,12.12,16.26,20.78,23.466,28.263,33.7806,15.4958,12.12,16.26,20.78,23.466,28.263,33.7806,15.6969,12.36,16.42,20.835,23.406,28.1,33.56,6.60849,6.55261,6.55261,6.38485,10.3784,20.6058,1.87983,1.54218,2.35947,0.662333,1.69713,1.37378,0.568667,0.2125,0.896533
42099367,Aaron Holiday,PG/G/UTIL,HOU,SAC,,3100,12.25,12.5,13.5,12.5,4.032258065,0.22,0.177201294,0,100,117.8218,221.9058,13.363,9.4,13.5,18.35,21.2,26.95,34,12.9607,9.1,13.06,17.92,20.82,26.342,33.1806,12.9607,9.1,13.06,17.92,20.82,26.342,33.1806,13.1584,9.4,13.26,18.06,20.88,26.38,32.8406,6.78578,6.71966,6.71966,6.58317,7.15028,17.9727,1.37567,1.15603,1.54602,0.3065,1.23952,2.60763,0.444183,0.166983,0.8332
42099226,Ja'Kobe Walter,SG/SF/F/G/UTIL,TOR,SAS,,4500,18.75,12.2,18.75,12.2,2.711111111,0.17,0.159473068,0,100,112.9345,230.3953,13.5503,9.45,13.2,17.15,19.5,23.65,28.8,13.4788,9.22,13.04,17.16,19.68,23.84,29.221,13.4788,9.22,13.04,17.16,19.68,23.84,29.221,13.5615,9.42,13.2,17.12,19.5,23.56,28.6804,5.71379,5.8984,5.8984,5.67156,7.01923,19.4602,1.34363,0.926932,2.39063,0.628767,1.76187,1.10543,0.741733,0.205667,0.9054
42099361,Malevy Leons,PF/F/UTIL,GSW,MEM,,3200,28,12,28,12,3.75,0.09,0.067620249,0,100,115.846,226.4223,11.8144,8,11.55,15.55,18.3,22.9,29.45,11.9456,8.04,11.6,16.02,18.72,23.42,29.7806,11.9456,8.04,11.6,16.02,18.72,23.42,29.7806,11.9996,8.18,11.66,15.92,18.52,23.18,29.46,5.89397,6.14529,6.14529,5.95883,6.0799,13.6217,1.344,0.7526,1.67277,0.417467,1.2553,1.40827,0.618867,0.341267,0.7061
42099313,Nikola Topic,PG/G/UTIL,OKC,DET,,3500,8,10.3,8,10.3,2.942857143,0.12,0.113682819,0,100,105.4375,220.7113,12.8701,9.35,12.8,16.9,19.15,23.4,29.15,12.3865,8.86,12.34,16.36,18.64,22.92,28.4416,12.3865,8.86,12.34,16.36,18.64,22.92,28.4416,12.6893,9.205,12.58,16.56,18.92,23.14,28.4816,5.71001,5.66666,5.66666,5.61322,8.3279,14.5466,2.7198,0.54295,2.0478,0.56475,1.48305,1.3413,0.12425,0.12665,0.7071
42099397,Tyrese Proctor,PG/SG/G/UTIL,CLE,MIL,,3000,0,9.8,,9.8,3.266666667,0.09,0.046958319,0,100,112.0637,222.0042,7.35808,4.15,6.9,10,12.1,15.8,20.4,7.41423,3.96,6.9,10.22,12.38,16.345,21.1804,7.41423,3.96,6.9,10.22,12.38,16.345,21.1804,7.45107,4.28,6.9,10.18,12.18,15.943,20.4004,4.52227,4.77746,4.77746,4.57217,3.30557,9.97751,0.820033,0.383233,1.1617,0.256267,0.905432,1.04843,0.5228,0.0807333,0.592967
42099389,Carter Bryant,SF/F/UTIL,SAS,TOR,,3000,4.75,9.6,4.75,9.6,3.2,0.18,0.114489051,0,100,117.4608,230.3953,9.35333,5.9,9.35,13.3,15.7,20.45,26.6,9.4094,5.98,9.32,13.46,15.88,20.9,27.4,9.4094,5.98,9.32,13.46,15.88,20.9,27.4,9.47073,6.22,9.4,13.375,15.88,20.76,27.14,5.62411,5.81409,5.81409,5.66909,5.5106,11.0556,1.16394,0.743067,1.11454,0.2626,0.851933,1.0512,0.4316,0.330667,0.555333
42099357,Brooks Barnhizer,SF/PF/F/UTIL,OKC,DET,,3200,6,8.5,6,8.5,2.65625,0.01,0.004284319,0,100,105.4375,220.7113,7.49625,4.5,7.4,10.65,12.5,16.1,20.9515,7.6559,4.6,7.56,10.98,12.98,16.722,21.8004,7.6559,4.6,7.56,10.98,12.98,16.722,21.8004,7.6064,4.68,7.47,10.72,12.66,16.205,21.1806,4.45271,4.72618,4.72618,4.53029,3.01835,10.8009,0.709,0.3371,1.5295,0.42235,1.10715,1.14225,0.53645,0.1079,0.3878
42099316,Killian Hayes,PG/G/UTIL,SAC,HOU,,3500,10.75,6.6,12.25,6.6,1.885714286,0.05,0.028826922,0,100,104.084,221.9058,7.6485,5.45,8.5,11.95,14.05,18.25,23.85,7.53113,5.3,8.34,11.82,14.029,18.44,23.641,7.53113,5.3,8.34,11.82,14.029,18.44,23.641,7.7023,5.42,8.46,11.96,14.169,18.52,23.841,4.97736,5.09687,5.09687,5.00608,3.62507,10.557,0.877633,0.39645,1.32758,0.3713,0.956283,1.91175,0.297267,0.207717,0.644533
42099407,Drew Eubanks,C/UTIL,SAC,HOU,,3000,10.75,4.9,10.75,4.9,1.633333333,0,0,0,100,104.084,221.9058,4.02108,1,3.2,6.475,8.85,13.3,18.1515,4.01023,0.96,3.2,6.6,8.86,13.523,18.74,4.01023,0.96,3.2,6.6,8.86,13.523,18.74,4.09257,0.96,3.24,6.65,9,13.56,18.8606,4.29518,4.40391,4.40391,4.41424,1.96967,4.52241,0.678633,0.0415,1.37583,0.365267,1.01057,0.299517,0.0827333,0.135467,0.256483
42099303,Gradey Dick,SG/SF/F/G/UTIL,TOR,SAS,,3600,0,4.2,,4.2,1.166666667,0.08,0.030342714,0,100,112.9345,230.3953,5.55033,2.3,4.75,7.7,9.8,13.45,18.3,5.35723,2.18,4.56,7.4,9.4,13.02,17.7604,5.35723,2.18,4.56,7.4,9.4,13.02,17.7604,5.40023,2.42,4.74,7.52,9.4,13.02,17.5022,4.16703,4.10111,4.10111,4.01771,3.26873,7.91264,0.646933,0.520467,0.824332,0.224,0.600333,0.374767,0.201733,0.0576333,0.304133
42099426,Larry Nance Jr.,PF/C/F/UTIL,CLE,MIL,,3000,4,4.1,4,4.1,1.366666667,0.07,0.025143055,0,100,112.0637,222.0042,2.53367,1.2,2.55,4.2,5.4,7.95,10.8015,2.55317,1.2,2.52,4.32,5.58,8.043,11.34,2.55317,1.2,2.52,4.32,5.58,8.043,11.34,2.56583,1.2,2.52,4.32,5.52,8.04,11.1006,2.46808,2.56259,2.56259,2.51441,1.2743,3.19342,0.4237,0.0826998,0.754002,0.1588,0.5952,0.3306,0.1154,0.0594,0.1324
42099340,Pete Nance,PF/C/F/UTIL,MIL,CLE,,3300,0,3.8,,3.8,1.151515152,0.08,0.03040561,0,100,109.9405,222.0042,2.4475,1.2,2.55,4.05,5.1,7.35,9.9,2.5317,1.2,2.52,4.32,5.4,7.68,10.62,2.5317,1.2,2.52,4.32,5.4,7.68,10.62,2.50437,1.2,2.52,4.2,5.22,7.56,10.44,2.27174,2.40886,2.40886,2.32905,0.920802,3.9727,0.2113,0.1225,0.664098,0.1632,0.5009,0.4393,0.1854,0.0663,0.1215
42099481,Isaiah Crawford,SF/F/UTIL,HOU,SAC,,3000,11,2.7,11,2.7,0.9,0.01,0.001839776,0,100,117.8218,221.9058,3.0325,0.75,2.75,5.65,7.55,11.5,16.402,3.05887,0.72,2.72,5.6,7.72,11.74,16.5,3.05887,0.72,2.72,5.6,7.72,11.74,16.5,3.05587,0.72,2.72,5.6,7.56,11.483,16.12,3.8159,3.90437,3.90437,3.82474,1.38582,5.6699,0.321033,0.184133,0.778017,0.1634,0.614617,0.629217,0.179717,0.0604333,0.175433
42099439,Jeff Green,C/UTIL,HOU,SAC,,3000,8.25,2.3,8.25,2.3,0.766666667,0.02,0.004860175,0,100,117.8218,221.9058,3.63558,1.35,3.25,6.1,8.1,11.95,17.1,3.6667,1.2,3.08,6.16,8.1,12.06,17.0206,3.6667,1.2,3.08,6.16,8.1,12.06,17.0206,3.68653,1.32,3.2,6.16,8.1,12.1,17.1606,3.9193,3.96468,3.96468,3.9286,1.94507,6.77741,0.4898,0.175983,0.8459,0.1588,0.6871,0.488767,0.103033,0.110267,0.156433
42099384,Kevin Huerter,SG/SF/F/G/UTIL,DET,OKC,,3000,0,1.7,0,1.7,0.566666667,0.03,0.00677041,0,100,115.2738,220.7113,2.72875,0,2,4.75,6.75,10.8,15.75,2.62727,0,2,4.5,6.44,10.38,15.1416,2.62727,0,2,4.5,6.44,10.38,15.1416,2.66593,0,2,4.5,6.44,10.383,15.0012,3.72054,3.6159,3.6159,3.59325,1.5648,3.73974,0.2647,0.2896,0.45635,0.1048,0.35155,0.4043,0.073,0.05855,0.14255
42099499,Patrick Baldwin Jr.,SF/PF/F/UTIL,SAC,HOU,,3000,11.75,1.5,12.25,1.5,0.5,0.03,0.009847085,0,100,104.084,221.9058,2.4185,1.5,2.85,4.8,6,8.25,11.1,2.34293,1.44,2.7,4.62,5.88,8.1,10.92,2.34293,1.44,2.7,4.62,5.88,8.1,10.92,2.36627,1.44,2.7,4.62,5.88,8.04,10.8006,2.56565,2.53219,2.53219,2.49748,1.4316,4.17981,0.18945,0.273,0.9165,0.2487,0.6678,0.24255,0.1044,0.05895,0.17025
42099468,Doug McDermott,SF/PF/F/UTIL,SAC,HOU,,3000,0,1.3,,1.3,0.433333333,0.01,0.001720422,0,100,104.084,221.9058,1.06308,0,0.9,2.55,3.75,6.3,9,0.992867,0,0.72,2.52,3.6,5.82,8.5212,0.992867,0,0.72,2.52,3.6,5.82,8.5212,1.01437,0,0.9,2.52,3.6,5.823,8.52,2.15882,2.05176,2.05176,2.04109,1.0722,2.1693,0.13755,0.19905,0.18585,0.05055,0.1353,0.12375,0.0444,0.0096,0.10245
42099448,Marcus Sasser,PG/G/UTIL,DET,OKC,,3000,0,1,,1,0.333333333,0.12,0.037454258,0,100,115.2738,220.7113,1.64133,0,1.2,3,4.2,6.9,10.35,1.5728,0,1.2,2.7,4.02,6.6,10.02,1.5728,0,1.2,2.7,4.02,6.6,10.02,1.6108,0,1.2,2.82,4.02,6.72,9.8412,2.3723,2.2994,2.2994,2.30027,0.95865,2.20495,0.2001,0.14055,0.21045,0.0516,0.15885,0.4146,0.04215,0.01785,0.1383
42099370,Buddy Boeheim,SG/G/UTIL,OKC,DET,,3100,0,0.7,0,0.7,0.225806452,0.03,0.007458047,0,100,105.4375,220.7113,2.94167,0.8,2.3,4.6,6.2,9.3,13.751,2.85937,0.8,2.28,4.52,6.08,9.183,13.7,2.85937,0.8,2.28,4.52,6.08,9.183,13.7,2.8882,0.8,2.28,4.56,6.08,9.18,13.52,3.16738,3.16308,3.16308,3.11603,1.2599,4.6342,0.13915,0.2466,0.6527,0.18695,0.46575,0.43905,0.07235,0.07445,0.11955
42099364,Gary Harris,SF/F/UTIL,MIL,CLE,,3100,0,0.5,,0.5,0.161290323,0,0,0,100,109.9405,222.0042,0.688833,0,0,1.2,2.1,4.05,6.4515,0.695433,0,0,1.44,1.938,3.9,6.42,0.695433,0,0,1.44,1.938,3.9,6.42,0.6926,0,0,1.5,2.1,3.9,6.42,1.45637,1.48168,1.48168,1.4486,0.3648,1.46837,0.0491,0.0700998,0.1392,0.0395,0.0997002,0.1335,0.0478,0.0197,0.0399
42098993,Amen Thompson,PG/G/UTIL,HOU,SAC,Q,8300,0,0,,0,0,0,0,0,100,117.8218,221.9058,,,,,,,,,,,,,,,,,,,,,,,,,,,,,,,,,,,,,,,,,,,
42099090,Kristaps Porzingis,PF/C/F/UTIL,GSW,MEM,O,5700,0,0,,0,0,0,0,0,100,115.846,226.4223,,,,,,,,,,,,,,,,,,,,,,,,,,,,,,,,,,,,,,,,,,,
42099110,Dylan Cardwell,C/UTIL,SAC,HOU,O,5500,0,0,,0,0,0,0,0,100,104.084,221.9058,,,,,,,,,,,,,,,,,,,,,,,,,,,,,,,,,,,,,,,,,,,
42098965,Donovan Mitchell,SG/G/UTIL,CLE,MIL,O,9700,0,0,,0,0,0,0,0,100,112.0637,222.0042,,,,,,,,,,,,,,,,,,,,,,,,,,,,,,,,,,,,,,,,,,,
42099423,Jordan McLaughlin,PG/G/UTIL,SAS,TOR,,3000,0,0,,0,0,0,0,0,100,117.4608,230.3953,,,,,,,,,,,,,,,,,,,,,,,,,,,,,,,,,,,,,,,,,,,
42099523,Tristen Newton,PG/G/UTIL,HOU,SAC,,3000,0,0,,0,0,0,0,0,100,117.8218,221.9058,,,,,,,,,,,,,,,,,,,,,,,,,,,,,,,,,,,,,,,,,,,
42099162,Max Strus,SF/F/UTIL,CLE,MIL,O,5000,0,0,,0,0,0,0,0,100,112.0637,222.0042,,,,,,,,,,,,,,,,,,,,,,,,,,,,,,,,,,,,,,,,,,,
42099437,Thanasis Antetokounmpo,C/UTIL,MIL,CLE,,3000,0,0,,0,0,0,0,0,100,109.9405,222.0042,,,,,,,,,,,,,,,,,,,,,,,,,,,,,,,,,,,,,,,,,,,
42099456,Bismack Biyombo,C/UTIL,SAS,TOR,,3000,0,0,,0,0,0,0,0,100,117.4608,230.3953,,,,,,,,,,,,,,,,,,,,,,,,,,,,,,,,,,,,,,,,,,,
42099151,Isaiah Stewart,PF/C/F/UTIL,DET,OKC,,5000,0,0,,0,0,0,0,0,100,115.2738,220.7113,,,,,,,,,,,,,,,,,,,,,,,,,,,,,,,,,,,,,,,,,,,
42099381,Kentavious Caldwell-Pope,SG/G/UTIL,MEM,GSW,O,3000,0,0,,0,0,0,0,0,100,110.5763,226.4223,,,,,,,,,,,,,,,,,,,,,,,,,,,,,,,,,,,,,,,,,,,
42099506,Isaiah Stevens,PG/G/UTIL,SAC,HOU,,3000,0,0,,0,0,0,0,0,100,104.084,221.9058,,,,,,,,,,,,,,,,,,,,,,,,,,,,,,,,,,,,,,,,,,,
42099373,Nate Williams,SF/F/UTIL,GSW,MEM,,3100,0,0,,0,0,0,0,0,100,115.846,226.4223,,,,,,,,,,,,,,,,,,,,,,,,,,,,,,,,,,,,,,,,,,,
42099420,Lindy Waters III,SG/G/UTIL,SAS,TOR,,3000,0,0,,0,0,0,0,0,100,117.4608,230.3953,,,,,,,,,,,,,,,,,,,,,,,,,,,,,,,,,,,,,,,,,,,
42099401,Zach LaVine,SG/G/UTIL,SAC,HOU,O,3000,0,0,,0,0,0,0,0,100,104.084,221.9058,,,,,,,,,,,,,,,,,,,,,,,,,,,,,,,,,,,,,,,,,,,
42099441,Chaz Lanier,SG/SF/F/G/UTIL,DET,OKC,,3000,0,0,,0,0,0,0,0,100,115.2738,220.7113,,,,,,,,,,,,,,,,,,,,,,,,,,,,,,,,,,,,,,,,,,,
42099290,Dorian Finney-Smith,SF/PF/F/UTIL,HOU,SAC,Q,3800,0,0,,0,0,0,0,0,100,117.8218,221.9058,,,,,,,,,,,,,,,,,,,,,,,,,,,,,,,,,,,,,,,,,,,
42099516,Brandon Clarke,PF/C/F/UTIL,MEM,GSW,O,3000,0,0,,0,0,0,0,0,100,110.5763,226.4223,,,,,,,,,,,,,,,,,,,,,,,,,,,,,,,,,,,,,,,,,,,
42099327,Trayce Jackson-Davis,C/UTIL,TOR,SAS,,3400,1.25,0,,0,0,0,0,0,100,112.9345,230.3953,,,,,,,,,,,,,,,,,,,,,,,,,,,,,,,,,,,,,,,,,,,
42099433,Jonathan Mogbo,PF/C/F/UTIL,TOR,SAS,,3000,0,0,,0,0,0,0,0,100,112.9345,230.3953,,,,,,,,,,,,,,,,,,,,,,,,,,,,,,,,,,,,,,,,,,,
42099083,De'Anthony Melton,PG/SG/G/UTIL,GSW,MEM,Q,5800,0,0,,0,0,0,0,0,100,115.846,226.4223,,,,,,,,,,,,,,,,,,,,,,,,,,,,,,,,,,,,,,,,,,,
42099004,Jalen Williams,SF/F/UTIL,OKC,DET,O,8000,0,0,,0,0,0,0,0,100,105.4375,220.7113,,,,,,,,,,,,,,,,,,,,,,,,,,,,,,,,,,,,,,,,,,,
42099404,Jimmy Butler,PF/F/UTIL,GSW,MEM,O,3000,0,0,,0,0,0,0,0,100,115.846,226.4223,,,,,,,,,,,,,,,,,,,,,,,,,,,,,,,,,,,,,,,,,,,
42098962,Shai Gilgeous-Alexander,PG/G/UTIL,OKC,DET,O,10500,0,0,,0,0,0,0,0,100,105.4375,220.7113,,,,,,,,,,,,,,,,,,,,,,,,,,,,,,,,,,,,,,,,,,,
42098954,Giannis Antetokounmpo,PF/F/UTIL,MIL,CLE,O,11000,0,0,,0,0,0,0,0,100,109.9405,222.0042,,,,,,,,,,,,,,,,,,,,,,,,,,,,,,,,,,,,,,,,,,,
42099413,Steven Adams,C/UTIL,HOU,SAC,O,3000,0,0,,0,0,0,0,0,100,117.8218,221.9058,,,,,,,,,,,,,,,,,,,,,,,,,,,,,,,,,,,,,,,,,,,
42099271,Alex Caruso,SF/F/UTIL,OKC,DET,Q,4100,0,0,,0,0,0,0,0,100,105.4375,220.7113,,,,,,,,,,,,,,,,,,,,,,,,,,,,,,,,,,,,,,,,,,,
42099489,Harrison Ingram,SF/F/UTIL,SAS,TOR,,3000,0,0,,0,0,0,0,0,100,117.4608,230.3953,,,,,,,,,,,,,,,,,,,,,,,,,,,,,,,,,,,,,,,,,,,
42099347,Gary Trent Jr.,SG/SF/F/G/UTIL,MIL,CLE,,3200,0,0,,0,0,0,0,0,100,109.9405,222.0042,,,,,,,,,,,,,,,,,,,,,,,,,,,,,,,,,,,,,,,,,,,
42098978,Stephen Curry,PG/G/UTIL,GSW,MEM,O,9000,0,0,,0,0,0,0,0,100,115.846,226.4223,,,,,,,,,,,,,,,,,,,,,,,,,,,,,,,,,,,,,,,,,,,
42099478,Taurean Prince,SF/F/UTIL,MIL,CLE,O,3000,0,0,,0,0,0,0,0,100,109.9405,222.0042,,,,,,,,,,,,,,,,,,,,,,,,,,,,,,,,,,,,,,,,,,,
42099392,De'Andre Hunter,SF/F/UTIL,SAC,HOU,O,3000,0,0,,0,0,0,0,0,100,104.084,221.9058,,,,,,,,,,,,,,,,,,,,,,,,,,,,,,,,,,,,,,,,,,,
42099274,Jahmai Mashack,SF/F/UTIL,MEM,GSW,,4100,0,0,,0,0,0,0,0,100,110.5763,226.4223,,,,,,,,,,,,,,,,,,,,,,,,,,,,,,,,,,,,,,,,,,,
42099486,Wendell Moore Jr.,SF/F/UTIL,DET,OKC,,3000,0,0,,0,0,0,0,0,100,115.2738,220.7113,,,,,,,,,,,,,,,,,,,,,,,,,,,,,,,,,,,,,,,,,,,
42099458,Alijah Martin,SG/G/UTIL,TOR,SAS,,3000,0,0,,0,0,0,0,0,100,112.9345,230.3953,,,,,,,,,,,,,,,,,,,,,,,,,,,,,,,,,,,,,,,,,,,
42099279,Kyle Anderson,C/UTIL,MEM,GSW,Q,4000,0,0,,0,0,0,0,0,100,110.5763,226.4223,,,,,,,,,,,,,,,,,,,,,,,,,,,,,,,,,,,,,,,,,,,
42099475,Bobi Klintman,PF/F/UTIL,DET,OKC,,3000,0,0,,0,0,0,0,0,100,115.2738,220.7113,,,,,,,,,,,,,,,,,,,,,,,,,,,,,,,,,,,,,,,,,,,
42099532,Darius Brown II,PG/G/UTIL,CLE,MIL,,3000,0,0,,0,0,0,0,0,100,112.0637,222.0042,,,,,,,,,,,,,,,,,,,,,,,,,,,,,,,,,,,,,,,,,,,
42099106,Draymond Green,PF/C/F/UTIL,GSW,MEM,Q,5500,0,0,,0,0,0,0,0,100,115.846,226.4223,,,,,,,,,,,,,,,,,,,,,,,,,,,,,,,,,,,,,,,,,,,
42099495,Tristan Enaruna,SF/PF/F/UTIL,CLE,MIL,,3000,0,0,,0,0,0,0,0,100,112.0637,222.0042,,,,,,,,,,,,,,,,,,,,,,,,,,,,,,,,,,,,,,,,,,,
42098987,Chet Holmgren,PF/F/UTIL,OKC,DET,Q,8500,0,0,,0,0,0,0,0,100,105.4375,220.7113,,,,,,,,,,,,,,,,,,,,,,,,,,,,,,,,,,,,,,,,,,,
42099535,Thomas Sorber,C/UTIL,OKC,DET,O,3000,0,0,,0,0,0,0,0,100,105.4375,220.7113,,,,,,,,,,,,,,,,,,,,,,,,,,,,,,,,,,,,,,,,,,,
42099079,Santi Aldama,PF/C/F/UTIL,MEM,GSW,O,5800,0,0,,0,0,0,0,0,100,110.5763,226.4223,,,,,,,,,,,,,,,,,,,,,,,,,,,,,,,,,,,,,,,,,,,
42099446,Domantas Sabonis,C/UTIL,SAC,HOU,O,3000,0,0,,0,0,0,0,0,100,104.084,221.9058,,,,,,,,,,,,,,,,,,,,,,,,,,,,,,,,,,,,,,,,,,,
42099329,Isaac Jones,PF/C/F/UTIL,DET,OKC,,3400,0,0,,0,0,0,0,0,100,115.2738,220.7113,,,,,,,,,,,,,,,,,,,,,,,,,,,,,,,,,,,,,,,,,,,
42099513,L.J. Cryer,PG/G/UTIL,GSW,MEM,,3000,0,0,,0,0,0,0,0,100,115.846,226.4223,,,,,,,,,,,,,,,,,,,,,,,,,,,,,,,,,,,,,,,,,,,
42099409,Kelly Olynyk,PF/C/F/UTIL,SAS,TOR,,3000,0,0,,0,0,0,0,0,100,117.4608,230.3953,,,,,,,,,,,,,,,,,,,,,,,,,,,,,,,,,,,,,,,,,,,
42099451,Garrett Temple,SG/SF/F/G/UTIL,TOR,SAS,,3000,0,0,,0,0,0,0,0,100,112.9345,230.3953,,,,,,,,,,,,,,,,,,,,,,,,,,,,,,,,,,,,,,,,,,,
42099121,Cedric Coward,SG/G/UTIL,MEM,GSW,O,5300,0,0,,0,0,0,0,0,100,110.5763,226.4223,,,,,,,,,,,,,,,,,,,,,,,,,,,,,,,,,,,,,,,,,,,
42099520,Seth Curry,PG/G/UTIL,GSW,MEM,O,3000,0,0,,0,0,0,0,0,100,115.846,226.4223,,,,,,,,,,,,,,,,,,,,,,,,,,,,,,,,,,,,,,,,,,,
42099050,Isaiah Hartenstein,C/UTIL,OKC,DET,Q,6400,0,0,,0,0,0,0,0,100,105.4375,220.7113,,,,,,,,,,,,,,,,,,,,,,,,,,,,,,,,,,,,,,,,,,,
42099415,Andre Jackson Jr.,SG/SF/F/G/UTIL,MIL,CLE,,3000,0,0,,0,0,0,0,0,100,109.9405,222.0042,,,,,,,,,,,,,,,,,,,,,,,,,,,,,,,,,,,,,,,,,,,
42099503,Chucky Hepburn,PG/G/UTIL,TOR,SAS,O,3000,0,0,,0,0,0,0,0,100,112.9345,230.3953,,,,,,,,,,,,,,,,,,,,,,,,,,,,,,,,,,,,,,,,,,,
42098996,Evan Mobley,PF/C/F/UTIL,CLE,MIL,O,8200,0,0,,0,0,0,0,0,100,112.0637,222.0042,,,,,,,,,,,,,,,,,,,,,,,,,,,,,,,,,,,,,,,,,,,
42099155,Ajay Mitchell,PG/G/UTIL,OKC,DET,O,5000,0,0,,0,0,0,0,0,100,105.4375,220.7113,,,,,,,,,,,,,,,,,,,,,,,,,,,,,,,,,,,,,,,,,,,
42099352,Jae'Sean Tate,SG/SF/F/G/UTIL,HOU,SAC,O,3200,0,0,,0,0,0,0,0,100,117.8218,221.9058,,,,,,,,,,,,,,,,,,,,,,,,,,,,,,,,,,,,,,,,,,,
42099466,Mason Plumlee,C/UTIL,SAS,TOR,Q,3000,0,0,,0,0,0,0,0,100,117.4608,230.3953,,,,,,,,,,,,,,,,,,,,,,,,,,,,,,,,,,,,,,,,,,,
42099529,Alex Antetokounmpo,SF/F/UTIL,MIL,CLE,,3000,0,0,,0,0,0,0,0,100,109.9405,222.0042,,,,,,,,,,,,,,,,,,,,,,,,,,,,,,,,,,,,,,,,,,,
42099492,Emanuel Miller,SF/F/UTIL,SAS,TOR,,3000,0,0,,0,0,0,0,0,100,117.4608,230.3953,,,,,,,,,,,,,,,,,,,,,,,,,,,,,,,,,,,,,,,,,,,
42099484,Tolu Smith,C/UTIL,DET,OKC,,3000,0,0,,0,0,0,0,0,100,115.2738,220.7113,,,,,,,,,,,,,,,,,,,,,,,,,,,,,,,,,,,,,,,,,,,
42098990,Ja Morant,PG/G/UTIL,MEM,GSW,O,8400,0,0,,0,0,0,0,0,100,110.5763,226.4223,,,,,,,,,,,,,,,,,,,,,,,,,,,,,,,,,,,,,,,,,,,
42099335,Jamison Battle,PF/F/UTIL,TOR,SAS,,3300,1.5,0,1.5,0,0,0,0,0,100,112.9345,230.3953,,,,,,,,,,,,,,,,,,,,,,,,,,,,,,,,,,,,,,,,,,,
42099061,Zach Edey,C/UTIL,MEM,GSW,O,6200,0,0,,0,0,0,0,0,100,110.5763,226.4223,,,,,,,,,,,,,,,,,,,,,,,,,,,,,,,,,,,,,,,,,,,
42099526,Fred VanVleet,PG/G/UTIL,HOU,SAC,O,3000,0,0,,0,0,0,0,0,100,117.8218,221.9058,,,,,,,,,,,,,,,,,,,,,,,,,,,,,,,,,,,,,,,,,,,
42099509,Riley Minix,SF/PF/F/UTIL,CLE,MIL,,3000,0,0,,0,0,0,0,0,100,112.0637,222.0042,,,,,,,,,,,,,,,,,,,,,,,,,,,,,,,,,,,,,,,,,,,
42099472,David Jones-Garcia,PG/G/UTIL,SAS,TOR,O,3000,0,0,,0,0,0,0,0,100,117.4608,230.3953,,,,,,,,,,,,,,,,,,,,,,,,,,,,,,,,,,,,,,,,,,,
42099461,AJ Lawson,PG/SF/F/G/UTIL,TOR,SAS,,3000,0,0,,0,0,0,0,0,100,112.9345,230.3953,,,,,,,,,,,,,,,,,,,,,,,,,,,,,,,,,,,,,,,,,,,
